ID,PredictedLabel
0001,3
0002,8
0003,9
0004,0
0005,6
0006,6
0007,1
0008,6
0009,3
0010,9
0011,4
0012,9
0013,5
0014,7
0015,9
0016,8
0017,5
0018,7
0019,8
0020,6
0021,7
0022,0
0023,4
0024,9
0025,4
0026,4
0027,4
0028,0
0029,9
0030,6
0031,6
0032,5
0033,4
0034,3
0035,9
0036,3
0037,4
0038,9
0039,9
0040,5
0041,0
0042,6
0043,7
0044,6
0045,0
0046,9
0047,3
0048,7
0049,7
0050,2
0051,7
0052,0
0053,2
0054,3
0055,8
0056,8
0057,7
0058,3
0059,3
0060,2
0061,7
0062,5
0063,6
0064,0
0065,6
0066,2
0067,1
0068,2
0069,3
0070,7
0071,8
0072,5
0073,8
0074,8
0075,0
0076,2
0077,0
0078,3
0079,3
0080,8
0081,8
0082,9
0083,1
0084,7
0085,2
0086,7
0087,4
0088,8
0089,8
0090,9
0091,0
0092,6
0093,8
0094,6
0095,4
0096,6
0097,6
0098,0
0099,0
0100,7
0101,4
0102,7
0103,6
0104,6
0105,1
0106,1
0107,3
0108,6
0109,8
0110,7
0111,7
0112,0
0113,2
0114,2
0115,9
0116,4
0117,0
0118,7
0119,3
0120,5
0121,8
0122,7
0123,9
0124,2
0125,8
0126,9
0127,8
0128,3
0129,3
0130,0
0131,4
0132,1
0133,8
0134,9
0135,1
0136,2
0137,9
0138,7
0139,2
0140,8
0141,4
0142,5
0143,6
0144,5
0145,8
0146,7
0147,6
0148,5
0149,4
0150,3
0151,8
0152,9
0153,6
0154,0
0155,0
0156,4
0157,2
0158,9
0159,3
0160,4
0161,0
0162,1
0163,6
0164,6
0165,8
0166,4
0167,8
0168,4
0169,7
0170,0
0171,9
0172,9
0173,9
0174,8
0175,9
0176,9
0177,3
0178,7
0179,5
0180,0
0181,0
0182,5
0183,2
0184,4
0185,0
0186,8
0187,6
0188,2
0189,3
0190,0
0191,5
0192,8
0193,0
0194,1
0195,7
0196,3
0197,8
0198,8
0199,3
0200,8
0201,3
0202,1
0203,8
0204,7
0205,1
0206,3
0207,4
0208,5
0209,7
0210,9
0211,2
0212,4
0213,5
0214,9
0215,8
0216,0
0217,7
0218,9
0219,8
0220,7
0221,7
0222,4
0223,9
0224,5
0225,4
0226,9
0227,6
0228,4
0229,5
0230,4
0231,5
0232,1
0233,3
0234,8
0235,8
0236,0
0237,4
0238,7
0239,5
0240,5
0241,1
0242,1
0243,8
0244,3
0245,0
0246,2
0247,1
0248,8
0249,2
0250,0
0251,7
0252,3
0253,9
0254,9
0255,2
0256,0
0257,3
0258,0
0259,8
0260,9
0261,8
0262,9
0263,3
0264,3
0265,8
0266,8
0267,3
0268,4
0269,7
0270,2
0271,2
0272,4
0273,6
0274,3
0275,8
0276,2
0277,0
0278,5
0279,5
0280,3
0281,9
0282,0
0283,6
0284,1
0285,9
0286,9
0287,1
0288,0
0289,7
0290,9
0291,1
0292,2
0293,6
0294,1
0295,3
0296,4
0297,6
0298,0
0299,0
0300,6
0301,6
0302,6
0303,3
0304,8
0305,2
0306,8
0307,8
0308,2
0309,1
0310,2
0311,1
0312,6
0313,8
0314,0
0315,7
0316,0
0317,7
0318,7
0319,5
0320,5
0321,3
0322,5
0323,3
0324,2
0325,7
0326,7
0327,7
0328,5
0329,4
0330,6
0331,1
0332,9
0333,6
0334,6
0335,6
0336,9
0337,3
0338,8
0339,0
0340,7
0341,4
0342,6
0343,2
0344,5
0345,0
0346,5
0347,4
0348,6
0349,8
0350,9
0351,9
0352,1
0353,8
0354,2
0355,6
0356,4
0357,3
0358,2
0359,8
0360,0
0361,9
0362,5
0363,8
0364,8
0365,9
0366,4
0367,0
0368,3
0369,8
0370,1
0371,4
0372,7
0373,9
0374,4
0375,2
0376,7
0377,8
0378,7
0379,8
0380,6
0381,6
0382,9
0383,0
0384,9
0385,5
0386,8
0387,7
0388,2
0389,3
0390,5
0391,1
0392,2
0393,6
0394,2
0395,9
0396,6
0397,3
0398,3
0399,0
0400,9
0401,9
0402,8
0403,7
0404,8
0405,8
0406,6
0407,0
0408,1
0409,8
0410,2
0411,7
0412,8
0413,3
0414,6
0415,1
0416,9
0417,4
0418,7
0419,3
0420,7
0421,4
0422,4
0423,8
0424,3
0425,2
0426,9
0427,3
0428,3
0429,6
0430,6
0431,3
0432,5
0433,3
0434,3
0435,7
0436,7
0437,2
0438,5
0439,5
0440,9
0441,1
0442,4
0443,9
0444,9
0445,5
0446,7
0447,3
0448,0
0449,2
0450,2
0451,6
0452,9
0453,7
0454,3
0455,9
0456,4
0457,4
0458,7
0459,4
0460,9
0461,2
0462,6
0463,1
0464,7
0465,3
0466,4
0467,4
0468,3
0469,7
0470,8
0471,4
0472,7
0473,8
0474,0
0475,5
0476,4
0477,4
0478,0
0479,2
0480,2
0481,8
0482,6
0483,8
0484,7
0485,5
0486,8
0487,9
0488,9
0489,4
0490,0
0491,1
0492,0
0493,8
0494,1
0495,1
0496,8
0497,0
0498,5
0499,2
0500,0
0501,4
0502,6
0503,4
0504,4
0505,9
0506,4
0507,7
0508,9
0509,9
0510,4
0511,5
0512,6
0513,6
0514,1
0515,5
0516,5
0517,8
0518,9
0519,7
0520,8
0521,5
0522,7
0523,0
0524,7
0525,0
0526,3
0527,4
0528,0
0529,7
0530,6
0531,9
0532,3
0533,9
0534,5
0535,6
0536,6
0537,6
0538,6
0539,8
0540,9
0541,1
0542,7
0543,6
0544,7
0545,5
0546,9
0547,1
0548,6
0549,6
0550,3
0551,5
0552,3
0553,8
0554,5
0555,9
0556,4
0557,4
0558,3
0559,3
0560,2
0561,0
0562,7
0563,6
0564,4
0565,2
0566,5
0567,9
0568,3
0569,9
0570,2
0571,2
0572,7
0573,1
0574,1
0575,3
0576,6
0577,8
0578,8
0579,7
0580,5
0581,4
0582,0
0583,8
0584,7
0585,0
0586,8
0587,3
0588,4
0589,8
0590,9
0591,6
0592,9
0593,2
0594,6
0595,1
0596,4
0597,7
0598,2
0599,4
0600,3
0601,8
0602,5
0603,0
0604,2
0605,1
0606,6
0607,4
0608,4
0609,3
0610,9
0611,6
0612,9
0613,8
0614,8
0615,5
0616,8
0617,6
0618,6
0619,2
0620,1
0621,7
0622,7
0623,1
0624,2
0625,7
0626,9
0627,9
0628,4
0629,4
0630,8
0631,8
0632,2
0633,6
0634,8
0635,4
0636,6
0637,8
0638,3
0639,8
0640,5
0641,5
0642,3
0643,7
0644,7
0645,9
0646,1
0647,3
0648,4
0649,4
0650,2
0651,3
0652,9
0653,3
0654,6
0655,3
0656,4
0657,1
0658,5
0659,4
0660,1
0661,9
0662,4
0663,7
0664,6
0665,3
0666,0
0667,9
0668,0
0669,1
0670,3
0671,6
0672,7
0673,7
0674,3
0675,2
0676,9
0677,4
0678,9
0679,0
0680,5
0681,9
0682,6
0683,2
0684,0
0685,9
0686,2
0687,9
0688,2
0689,6
0690,9
0691,3
0692,2
0693,4
0694,7
0695,8
0696,3
0697,8
0698,2
0699,7
0700,5
0701,7
0702,2
0703,4
0704,8
0705,7
0706,4
0707,2
0708,3
0709,8
0710,8
0711,6
0712,0
0713,8
0714,7
0715,4
0716,5
0717,4
0718,8
0719,4
0720,8
0721,7
0722,8
0723,8
0724,1
0725,8
0726,0
0727,1
0728,2
0729,6
0730,3
0731,7
0732,2
0733,7
0734,9
0735,1
0736,2
0737,1
0738,4
0739,1
0740,5
0741,7
0742,7
0743,0
0744,7
0745,3
0746,7
0747,4
0748,6
0749,2
0750,3
0751,9
0752,0
0753,9
0754,1
0755,2
0756,2
0757,6
0758,8
0759,2
0760,1
0761,3
0762,5
0763,6
0764,0
0765,1
0766,2
0767,4
0768,8
0769,3
0770,4
0771,6
0772,9
0773,6
0774,4
0775,0
0776,4
0777,3
0778,6
0779,0
0780,6
0781,9
0782,1
0783,7
0784,6
0785,7
0786,0
0787,3
0788,9
0789,6
0790,8
0791,0
0792,0
0793,4
0794,3
0795,7
0796,7
0797,4
0798,4
0799,7
0800,2
0801,7
0802,1
0803,2
0804,7
0805,7
0806,4
0807,8
0808,4
0809,7
0810,3
0811,2
0812,3
0813,7
0814,2
0815,9
0816,8
0817,9
0818,3
0819,0
0820,3
0821,6
0822,2
0823,0
0824,8
0825,7
0826,3
0827,7
0828,6
0829,4
0830,3
0831,1
0832,6
0833,2
0834,5
0835,2
0836,4
0837,0
0838,2
0839,9
0840,2
0841,7
0842,0
0843,7
0844,4
0845,1
0846,0
0847,2
0848,0
0849,2
0850,4
0851,5
0852,9
0853,8
0854,1
0855,0
0856,9
0857,7
0858,0
0859,7
0860,4
0861,4
0862,6
0863,6
0864,3
0865,0
0866,1
0867,6
0868,7
0869,0
0870,1
0871,3
0872,1
0873,3
0874,4
0875,3
0876,8
0877,4
0878,2
0879,4
0880,7
0881,8
0882,4
0883,0
0884,4
0885,9
0886,0
0887,9
0888,1
0889,0
0890,4
0891,4
0892,6
0893,5
0894,7
0895,1
0896,1
0897,3
0898,7
0899,7
0900,5
0901,6
0902,6
0903,6
0904,5
0905,8
0906,5
0907,1
0908,6
0909,8
0910,8
0911,4
0912,3
0913,3
0914,4
0915,0
0916,1
0917,4
0918,8
0919,8
0920,0
0921,6
0922,9
0923,9
0924,9
0925,9
0926,3
0927,8
0928,6
0929,0
0930,8
0931,4
0932,2
0933,3
0934,3
0935,7
0936,5
0937,2
0938,5
0939,1
0940,8
0941,9
0942,0
0943,7
0944,4
0945,0
0946,3
0947,0
0948,1
0949,4
0950,8
0951,3
0952,9
0953,6
0954,9
0955,4
0956,7
0957,2
0958,6
0959,7
0960,8
0961,9
0962,1
0963,1
0964,6
0965,6
0966,3
0967,3
0968,9
0969,1
0970,9
0971,9
0972,4
0973,6
0974,1
0975,7
0976,0
0977,6
0978,8
0979,1
0980,9
0981,2
0982,9
0983,3
0984,4
0985,7
0986,8
0987,3
0988,1
0989,7
0990,0
0991,1
0992,5
0993,8
0994,2
0995,6
0996,2
0997,8
0998,1
0999,3
1000,8
1001,5
1002,0
1003,8
1004,4
1005,8
1006,9
1007,1
1008,8
1009,9
1010,6
1011,0
1012,8
1013,1
1014,1
1015,3
1016,4
1017,1
1018,6
1019,0
1020,5
1021,1
1022,1
1023,0
1024,0
1025,3
1026,5
1027,0
1028,0
1029,6
1030,6
1031,3
1032,5
1033,6
1034,3
1035,3
1036,4
1037,2
1038,7
1039,2
1040,2
1041,5
1042,5
1043,3
1044,0
1045,8
1046,5
1047,2
1048,8
1049,1
1050,4
1051,9
1052,1
1053,0
1054,5
1055,1
1056,5
1057,7
1058,3
1059,3
1060,8
1061,9
1062,9
1063,6
1064,4
1065,5
1066,0
1067,1
1068,0
1069,9
1070,6
1071,3
1072,6
1073,8
1074,7
1075,3
1076,8
1077,8
1078,0
1079,0
1080,6
1081,6
1082,6
1083,9
1084,2
1085,5
1086,4
1087,4
1088,6
1089,5
1090,6
1091,8
1092,8
1093,6
1094,2
1095,3
1096,2
1097,7
1098,5
1099,1
1100,2
1101,8
1102,8
1103,8
1104,0
1105,9
1106,3
1107,9
1108,4
1109,2
1110,0
1111,2
1112,8
1113,3
1114,0
1115,9
1116,1
1117,5
1118,5
1119,7
1120,7
1121,5
1122,3
1123,8
1124,6
1125,3
1126,6
1127,0
1128,8
1129,5
1130,3
1131,4
1132,9
1133,2
1134,4
1135,1
1136,6
1137,9
1138,8
1139,5
1140,8
1141,6
1142,1
1143,8
1144,6
1145,1
1146,4
1147,2
1148,9
1149,2
1150,7
1151,7
1152,2
1153,0
1154,8
1155,6
1156,9
1157,8
1158,7
1159,1
1160,8
1161,8
1162,0
1163,7
1164,5
1165,8
1166,0
1167,3
1168,3
1169,3
1170,7
1171,7
1172,9
1173,2
1174,3
1175,1
1176,9
1177,1
1178,9
1179,2
1180,4
1181,3
1182,3
1183,1
1184,0
1185,6
1186,1
1187,4
1188,1
1189,0
1190,0
1191,1
1192,1
1193,6
1194,2
1195,4
1196,6
1197,2
1198,0
1199,7
1200,9
1201,8
1202,7
1203,2
1204,0
1205,6
1206,8
1207,1
1208,0
1209,9
1210,7
1211,0
1212,6
1213,1
1214,8
1215,5
1216,7
1217,1
1218,4
1219,8
1220,5
1221,3
1222,9
1223,1
1224,0
1225,4
1226,6
1227,6
1228,3
1229,3
1230,1
1231,3
1232,9
1233,1
1234,4
1235,1
1236,5
1237,7
1238,0
1239,1
1240,3
1241,6
1242,0
1243,8
1244,8
1245,3
1246,0
1247,7
1248,3
1249,4
1250,6
1251,7
1252,2
1253,7
1254,8
1255,2
1256,4
1257,8
1258,2
1259,6
1260,8
1261,1
1262,8
1263,8
1264,8
1265,8
1266,9
1267,8
1268,4
1269,4
1270,3
1271,1
1272,8
1273,4
1274,6
1275,3
1276,3
1277,5
1278,2
1279,2
1280,5
1281,5
1282,8
1283,9
1284,5
1285,8
1286,9
1287,0
1288,9
1289,1
1290,6
1291,5
1292,9
1293,4
1294,7
1295,8
1296,0
1297,7
1298,0
1299,9
1300,7
1301,4
1302,1
1303,6
1304,4
1305,8
1306,9
1307,3
1308,2
1309,4
1310,6
1311,0
1312,8
1313,6
1314,1
1315,9
1316,2
1317,5
1318,9
1319,3
1320,0
1321,7
1322,2
1323,9
1324,0
1325,4
1326,4
1327,4
1328,6
1329,3
1330,5
1331,3
1332,8
1333,1
1334,4
1335,2
1336,1
1337,4
1338,5
1339,6
1340,5
1341,1
1342,4
1343,7
1344,8
1345,9
1346,4
1347,9
1348,8
1349,3
1350,8
1351,4
1352,7
1353,2
1354,8
1355,1
1356,4
1357,3
1358,9
1359,8
1360,9
1361,7
1362,9
1363,5
1364,1
1365,4
1366,0
1367,8
1368,2
1369,7
1370,8
1371,9
1372,1
1373,9
1374,3
1375,2
1376,4
1377,9
1378,3
1379,1
1380,7
1381,3
1382,6
1383,0
1384,4
1385,9
1386,5
1387,3
1388,9
1389,5
1390,5
1391,6
1392,5
1393,2
1394,4
1395,3
1396,6
1397,1
1398,0
1399,7
1400,4
1401,3
1402,4
1403,7
1404,4
1405,1
1406,1
1407,9
1408,8
1409,1
1410,0
1411,1
1412,2
1413,1
1414,1
1415,1
1416,7
1417,3
1418,9
1419,2
1420,8
1421,7
1422,6
1423,0
1424,4
1425,9
1426,3
1427,7
1428,9
1429,7
1430,3
1431,8
1432,4
1433,9
1434,7
1435,0
1436,1
1437,6
1438,1
1439,4
1440,9
1441,8
1442,4
1443,3
1444,6
1445,1
1446,4
1447,0
1448,8
1449,4
1450,6
1451,2
1452,6
1453,6
1454,5
1455,3
1456,6
1457,4
1458,1
1459,1
1460,8
1461,6
1462,0
1463,4
1464,0
1465,1
1466,9
1467,7
1468,1
1469,5
1470,7
1471,5
1472,8
1473,7
1474,7
1475,7
1476,9
1477,7
1478,7
1479,7
1480,9
1481,9
1482,2
1483,8
1484,6
1485,4
1486,2
1487,7
1488,9
1489,8
1490,6
1491,8
1492,4
1493,9
1494,9
1495,7
1496,0
1497,4
1498,8
1499,3
1500,8
1501,1
1502,6
1503,2
1504,4
1505,1
1506,2
1507,7
1508,9
1509,8
1510,1
1511,8
1512,1
1513,8
1514,3
1515,0
1516,2
1517,4
1518,1
1519,3
1520,6
1521,7
1522,4
1523,4
1524,7
1525,3
1526,8
1527,4
1528,7
1529,2
1530,4
1531,1
1532,7
1533,8
1534,7
1535,4
1536,4
1537,7
1538,4
1539,2
1540,2
1541,8
1542,4
1543,5
1544,5
1545,4
1546,1
1547,4
1548,0
1549,3
1550,1
1551,6
1552,4
1553,5
1554,4
1555,4
1556,4
1557,8
1558,8
1559,4
1560,5
1561,7
1562,5
1563,6
1564,9
1565,1
1566,6
1567,7
1568,2
1569,9
1570,1
1571,7
1572,5
1573,9
1574,9
1575,9
1576,2
1577,4
1578,4
1579,6
1580,0
1581,3
1582,5
1583,9
1584,1
1585,7
1586,7
1587,5
1588,2
1589,5
1590,6
1591,4
1592,1
1593,2
1594,3
1595,5
1596,6
1597,2
1598,3
1599,5
1600,5
1601,8
1602,9
1603,7
1604,3
1605,1
1606,7
1607,6
1608,3
1609,5
1610,4
1611,4
1612,3
1613,3
1614,8
1615,1
1616,7
1617,7
1618,0
1619,7
1620,4
1621,3
1622,1
1623,4
1624,2
1625,4
1626,3
1627,9
1628,9
1629,7
1630,9
1631,9
1632,9
1633,8
1634,8
1635,6
1636,7
1637,4
1638,3
1639,4
1640,9
1641,5
1642,6
1643,4
1644,9
1645,7
1646,4
1647,0
1648,7
1649,8
1650,5
1651,5
1652,0
1653,0
1654,1
1655,9
1656,8
1657,4
1658,5
1659,4
1660,8
1661,3
1662,6
1663,7
1664,6
1665,0
1666,6
1667,6
1668,6
1669,9
1670,6
1671,4
1672,8
1673,6
1674,0
1675,4
1676,7
1677,8
1678,1
1679,2
1680,7
1681,6
1682,7
1683,7
1684,0
1685,8
1686,4
1687,0
1688,8
1689,6
1690,9
1691,7
1692,8
1693,9
1694,8
1695,0
1696,9
1697,2
1698,9
1699,5
1700,7
1701,3
1702,5
1703,9
1704,5
1705,3
1706,0
1707,1
1708,9
1709,7
1710,2
1711,4
1712,1
1713,0
1714,1
1715,0
1716,5
1717,1
1718,7
1719,8
1720,0
1721,4
1722,8
1723,6
1724,2
1725,4
1726,0
1727,0
1728,8
1729,0
1730,8
1731,4
1732,3
1733,9
1734,3
1735,9
1736,0
1737,6
1738,6
1739,3
1740,9
1741,1
1742,3
1743,8
1744,1
1745,0
1746,5
1747,4
1748,9
1749,0
1750,5
1751,8
1752,1
1753,5
1754,6
1755,7
1756,7
1757,3
1758,6
1759,2
1760,3
1761,0
1762,1
1763,4
1764,2
1765,4
1766,6
1767,6
1768,2
1769,0
1770,0
1771,7
1772,2
1773,9
1774,5
1775,5
1776,3
1777,0
1778,7
1779,8
1780,3
1781,7
1782,6
1783,3
1784,8
1785,1
1786,2
1787,9
1788,4
1789,3
1790,3
1791,7
1792,4
1793,9
1794,7
1795,3
1796,6
1797,8
1798,1
1799,4
1800,4
1801,2
1802,4
1803,2
1804,3
1805,5
1806,8
1807,1
1808,4
1809,9
1810,8
1811,1
1812,1
1813,7
1814,5
1815,9
1816,9
1817,7
1818,2
1819,5
1820,0
1821,8
1822,6
1823,0
1824,4
1825,9
1826,2
1827,8
1828,4
1829,7
1830,7
1831,2
1832,9
1833,6
1834,8
1835,9
1836,4
1837,4
1838,6
1839,8
1840,7
1841,9
1842,9
1843,4
1844,8
1845,9
1846,7
1847,2
1848,3
1849,3
1850,7
1851,3
1852,0
1853,7
1854,9
1855,3
1856,5
1857,8
1858,5
1859,4
1860,2
1861,8
1862,3
1863,4
1864,9
1865,7
1866,7
1867,8
1868,4
1869,7
1870,8
1871,2
1872,3
1873,5
1874,6
1875,8
1876,0
1877,2
1878,3
1879,7
1880,0
1881,1
1882,9
1883,1
1884,4
1885,5
1886,5
1887,3
1888,4
1889,2
1890,9
1891,6
1892,8
1893,6
1894,9
1895,3
1896,8
1897,9
1898,8
1899,7
1900,7
1901,8
1902,5
1903,2
1904,0
1905,1
1906,1
1907,3
1908,1
1909,5
1910,3
1911,4
1912,6
1913,0
1914,7
1915,9
1916,9
1917,5
1918,8
1919,2
1920,4
1921,2
1922,0
1923,7
1924,1
1925,6
1926,1
1927,1
1928,1
1929,4
1930,4
1931,1
1932,6
1933,0
1934,5
1935,7
1936,4
1937,3
1938,9
1939,8
1940,7
1941,5
1942,2
1943,4
1944,8
1945,4
1946,7
1947,8
1948,3
1949,5
1950,2
1951,5
1952,7
1953,4
1954,4
1955,0
1956,2
1957,7
1958,7
1959,6
1960,0
1961,2
1962,7
1963,6
1964,2
1965,3
1966,0
1967,7
1968,7
1969,8
1970,9
1971,1
1972,4
1973,6
1974,0
1975,6
1976,6
1977,5
1978,4
1979,6
1980,3
1981,9
1982,3
1983,6
1984,2
1985,7
1986,6
1987,4
1988,9
1989,5
1990,6
1991,7
1992,1
1993,6
1994,3
1995,8
1996,2
1997,5
1998,9
1999,2
2000,5
2001,1
2002,5
2003,5
2004,3
2005,7
2006,5
2007,7
2008,1
2009,9
2010,1
2011,3
2012,4
2013,5
2014,4
2015,8
2016,4
2017,6
2018,3
2019,6
2020,9
2021,9
2022,8
2023,5
2024,3
2025,6
2026,4
2027,3
2028,9
2029,7
2030,3
2031,4
2032,1
2033,2
2034,4
2035,4
2036,6
2037,3
2038,3
2039,5
2040,8
2041,0
2042,0
2043,1
2044,8
2045,3
2046,1
2047,3
2048,5
2049,8
2050,4
2051,8
2052,5
2053,8
2054,6
2055,3
2056,5
2057,5
2058,5
2059,8
2060,9
2061,3
2062,5
2063,7
2064,9
2065,8
2066,3
2067,7
2068,4
2069,3
2070,4
2071,2
2072,9
2073,6
2074,8
2075,2
2076,7
2077,3
2078,0
2079,4
2080,0
2081,9
2082,6
2083,2
2084,7
2085,7
2086,0
2087,1
2088,4
2089,7
2090,7
2091,2
2092,0
2093,1
2094,6
2095,5
2096,4
2097,7
2098,2
2099,8
2100,1
2101,2
2102,6
2103,8
2104,1
2105,6
2106,6
2107,5
2108,3
2109,7
2110,0
2111,0
2112,9
2113,1
2114,0
2115,4
2116,5
2117,9
2118,7
2119,8
2120,6
2121,8
2122,6
2123,0
2124,2
2125,8
2126,0
2127,9
2128,4
2129,6
2130,4
2131,2
2132,7
2133,2
2134,3
2135,4
2136,8
2137,9
2138,2
2139,6
2140,8
2141,9
2142,7
2143,1
2144,9
2145,3
2146,4
2147,2
2148,7
2149,9
2150,6
2151,9
2152,3
2153,7
2154,8
2155,5
2156,8
2157,8
2158,3
2159,9
2160,9
2161,8
2162,3
2163,5
2164,7
2165,1
2166,0
2167,0
2168,7
2169,5
2170,8
2171,2
2172,5
2173,0
2174,3
2175,9
2176,5
2177,1
2178,9
2179,9
2180,1
2181,4
2182,3
2183,4
2184,4
2185,9
2186,0
2187,1
2188,6
2189,9
2190,2
2191,9
2192,5
2193,4
2194,0
2195,8
2196,3
2197,8
2198,6
2199,8
2200,2
2201,0
2202,5
2203,9
2204,2
2205,9
2206,5
2207,1
2208,3
2209,4
2210,4
2211,2
2212,7
2213,2
2214,4
2215,4
2216,0
2217,5
2218,8
2219,4
2220,2
2221,1
2222,2
2223,6
2224,8
2225,1
2226,7
2227,6
2228,8
2229,7
2230,4
2231,3
2232,3
2233,3
2234,4
2235,7
2236,2
2237,5
2238,6
2239,1
2240,7
2241,9
2242,0
2243,3
2244,4
2245,9
2246,8
2247,0
2248,5
2249,0
2250,0
2251,7
2252,3
2253,3
2254,3
2255,8
2256,8
2257,4
2258,0
2259,1
2260,7
2261,4
2262,3
2263,4
2264,6
2265,0
2266,8
2267,8
2268,6
2269,3
2270,3
2271,4
2272,9
2273,7
2274,3
2275,1
2276,6
2277,0
2278,5
2279,9
2280,9
2281,4
2282,5
2283,9
2284,3
2285,8
2286,5
2287,5
2288,2
2289,2
2290,1
2291,9
2292,5
2293,3
2294,1
2295,2
2296,8
2297,9
2298,7
2299,0
2300,3
2301,4
2302,2
2303,0
2304,2
2305,6
2306,2
2307,3
2308,9
2309,1
2310,3
2311,7
2312,7
2313,2
2314,6
2315,3
2316,2
2317,2
2318,5
2319,2
2320,7
2321,3
2322,3
2323,2
2324,8
2325,8
2326,5
2327,7
2328,0
2329,7
2330,4
2331,0
2332,7
2333,2
2334,6
2335,1
2336,5
2337,9
2338,7
2339,6
2340,2
2341,7
2342,0
2343,3
2344,6
2345,0
2346,1
2347,1
2348,8
2349,4
2350,5
2351,5
2352,9
2353,3
2354,4
2355,8
2356,9
2357,8
2358,1
2359,3
2360,2
2361,7
2362,2
2363,4
2364,6
2365,6
2366,7
2367,9
2368,4
2369,0
2370,1
2371,0
2372,4
2373,7
2374,0
2375,8
2376,0
2377,7
2378,6
2379,1
2380,8
2381,8
2382,5
2383,9
2384,2
2385,5
2386,7
2387,7
2388,9
2389,0
2390,6
2391,3
2392,2
2393,7
2394,9
2395,6
2396,7
2397,9
2398,3
2399,8
2400,8
2401,0
2402,3
2403,9
2404,4
2405,0
2406,6
2407,4
2408,9
2409,2
2410,4
2411,3
2412,0
2413,6
2414,6
2415,4
2416,6
2417,4
2418,7
2419,8
2420,4
2421,8
2422,8
2423,4
2424,6
2425,8
2426,0
2427,2
2428,3
2429,6
2430,8
2431,7
2432,8
2433,9
2434,9
2435,8
2436,4
2437,6
2438,8
2439,8
2440,1
2441,7
2442,4
2443,6
2444,2
2445,3
2446,6
2447,0
2448,6
2449,2
2450,5
2451,1
2452,8
2453,4
2454,4
2455,8
2456,3
2457,8
2458,6
2459,8
2460,5
2461,9
2462,0
2463,1
2464,0
2465,2
2466,9
2467,2
2468,9
2469,0
2470,9
2471,7
2472,8
2473,3
2474,8
2475,6
2476,6
2477,8
2478,1
2479,6
2480,5
2481,8
2482,4
2483,9
2484,2
2485,1
2486,6
2487,4
2488,5
2489,6
2490,2
2491,0
2492,9
2493,8
2494,9
2495,4
2496,8
2497,9
2498,8
2499,3
2500,2
2501,4
2502,4
2503,8
2504,8
2505,1
2506,7
2507,8
2508,0
2509,6
2510,6
2511,4
2512,8
2513,2
2514,2
2515,5
2516,2
2517,3
2518,8
2519,7
2520,4
2521,1
2522,5
2523,1
2524,4
2525,3
2526,0
2527,2
2528,8
2529,8
2530,3
2531,2
2532,2
2533,1
2534,3
2535,0
2536,2
2537,5
2538,1
2539,4
2540,8
2541,2
2542,1
2543,8
2544,4
2545,2
2546,4
2547,8
2548,4
2549,2
2550,6
2551,6
2552,4
2553,9
2554,8
2555,7
2556,7
2557,6
2558,2
2559,4
2560,7
2561,7
2562,6
2563,4
2564,2
2565,2
2566,3
2567,2
2568,4
2569,7
2570,0
2571,2
2572,9
2573,6
2574,7
2575,8
2576,4
2577,2
2578,4
2579,8
2580,8
2581,6
2582,6
2583,5
2584,7
2585,6
2586,5
2587,4
2588,9
2589,4
2590,2
2591,7
2592,8
2593,4
2594,8
2595,0
2596,4
2597,0
2598,5
2599,3
2600,3
2601,8
2602,1
2603,6
2604,2
2605,8
2606,4
2607,5
2608,1
2609,4
2610,3
2611,2
2612,4
2613,7
2614,6
2615,0
2616,7
2617,1
2618,3
2619,5
2620,3
2621,1
2622,8
2623,0
2624,8
2625,8
2626,2
2627,7
2628,7
2629,8
2630,4
2631,6
2632,4
2633,3
2634,3
2635,9
2636,4
2637,1
2638,6
2639,4
2640,6
2641,7
2642,4
2643,7
2644,3
2645,8
2646,1
2647,5
2648,1
2649,4
2650,6
2651,9
2652,5
2653,7
2654,4
2655,5
2656,4
2657,9
2658,7
2659,7
2660,2
2661,5
2662,3
2663,4
2664,7
2665,4
2666,1
2667,6
2668,1
2669,0
2670,6
2671,9
2672,7
2673,8
2674,4
2675,0
2676,4
2677,4
2678,7
2679,0
2680,0
2681,0
2682,0
2683,4
2684,5
2685,3
2686,2
2687,7
2688,8
2689,3
2690,3
2691,1
2692,2
2693,8
2694,9
2695,1
2696,6
2697,7
2698,7
2699,3
2700,4
2701,9
2702,8
2703,6
2704,0
2705,8
2706,8
2707,3
2708,6
2709,4
2710,6
2711,7
2712,5
2713,1
2714,8
2715,9
2716,0
2717,3
2718,0
2719,3
2720,2
2721,3
2722,8
2723,4
2724,2
2725,0
2726,8
2727,5
2728,9
2729,3
2730,4
2731,6
2732,5
2733,7
2734,7
2735,7
2736,6
2737,8
2738,9
2739,4
2740,2
2741,2
2742,6
2743,2
2744,9
2745,9
2746,8
2747,2
2748,3
2749,1
2750,0
2751,5
2752,2
2753,3
2754,7
2755,9
2756,7
2757,3
2758,1
2759,1
2760,3
2761,2
2762,7
2763,4
2764,4
2765,1
2766,9
2767,4
2768,5
2769,5
2770,2
2771,3
2772,7
2773,6
2774,3
2775,5
2776,3
2777,7
2778,5
2779,4
2780,2
2781,7
2782,7
2783,0
2784,0
2785,1
2786,4
2787,7
2788,3
2789,2
2790,9
2791,8
2792,7
2793,0
2794,9
2795,8
2796,3
2797,7
2798,6
2799,5
2800,8
2801,4
2802,5
2803,6
2804,5
2805,7
2806,4
2807,2
2808,9
2809,3
2810,4
2811,7
2812,2
2813,0
2814,1
2815,7
2816,3
2817,7
2818,9
2819,4
2820,1
2821,6
2822,7
2823,3
2824,2
2825,7
2826,2
2827,4
2828,5
2829,2
2830,6
2831,6
2832,9
2833,3
2834,0
2835,4
2836,4
2837,3
2838,8
2839,1
2840,2
2841,3
2842,2
2843,4
2844,8
2845,3
2846,5
2847,6
2848,0
2849,8
2850,6
2851,5
2852,4
2853,2
2854,9
2855,7
2856,2
2857,2
2858,0
2859,7
2860,9
2861,5
2862,3
2863,6
2864,6
2865,5
2866,6
2867,9
2868,7
2869,7
2870,4
2871,8
2872,3
2873,1
2874,9
2875,8
2876,1
2877,9
2878,0
2879,7
2880,0
2881,4
2882,7
2883,7
2884,2
2885,6
2886,5
2887,6
2888,9
2889,7
2890,7
2891,7
2892,7
2893,0
2894,8
2895,6
2896,5
2897,8
2898,3
2899,6
2900,9
2901,2
2902,8
2903,9
2904,2
2905,7
2906,4
2907,0
2908,9
2909,7
2910,0
2911,2
2912,1
2913,2
2914,0
2915,6
2916,5
2917,1
2918,4
2919,2
2920,8
2921,2
2922,8
2923,3
2924,7
2925,1
2926,4
2927,9
2928,8
2929,1
2930,1
2931,3
2932,9
2933,9
2934,4
2935,6
2936,8
2937,5
2938,3
2939,2
2940,2
2941,7
2942,8
2943,5
2944,1
2945,9
2946,7
2947,9
2948,1
2949,3
2950,3
2951,1
2952,0
2953,3
2954,8
2955,9
2956,3
2957,0
2958,8
2959,8
2960,4
2961,9
2962,4
2963,8
2964,5
2965,0
2966,7
2967,0
2968,7
2969,0
2970,5
2971,5
2972,4
2973,3
2974,8
2975,3
2976,2
2977,0
2978,6
2979,7
2980,0
2981,8
2982,4
2983,4
2984,5
2985,2
2986,9
2987,8
2988,2
2989,5
2990,4
2991,4
2992,3
2993,4
2994,0
2995,8
2996,4
2997,8
2998,5
2999,5
3000,6
3001,5
3002,1
3003,7
3004,2
3005,4
3006,2
3007,5
3008,6
3009,8
3010,7
3011,6
3012,3
3013,1
3014,3
3015,6
3016,6
3017,4
3018,5
3019,5
3020,3
3021,1
3022,8
3023,7
3024,2
3025,0
3026,6
3027,7
3028,1
3029,1
3030,9
3031,4
3032,7
3033,1
3034,1
3035,2
3036,3
3037,9
3038,8
3039,4
3040,1
3041,7
3042,4
3043,8
3044,3
3045,7
3046,5
3047,8
3048,6
3049,0
3050,3
3051,7
3052,8
3053,2
3054,4
3055,8
3056,9
3057,5
3058,6
3059,1
3060,7
3061,7
3062,7
3063,9
3064,0
3065,1
3066,3
3067,1
3068,4
3069,0
3070,4
3071,0
3072,7
3073,1
3074,5
3075,1
3076,3
3077,2
3078,1
3079,8
3080,1
3081,1
3082,9
3083,7
3084,3
3085,4
3086,6
3087,9
3088,0
3089,6
3090,8
3091,4
3092,1
3093,5
3094,7
3095,2
3096,4
3097,7
3098,2
3099,4
3100,9
3101,2
3102,7
3103,0
3104,6
3105,7
3106,9
3107,0
3108,5
3109,8
3110,8
3111,7
3112,0
3113,0
3114,2
3115,8
3116,2
3117,7
3118,0
3119,6
3120,4
3121,2
3122,9
3123,1
3124,8
3125,6
3126,3
3127,9
3128,4
3129,9
3130,3
3131,5
3132,7
3133,5
3134,9
3135,7
3136,7
3137,4
3138,5
3139,8
3140,7
3141,8
3142,9
3143,5
3144,3
3145,1
3146,9
3147,4
3148,2
3149,0
3150,1
3151,9
3152,8
3153,1
3154,1
3155,0
3156,8
3157,9
3158,9
3159,0
3160,2
3161,4
3162,9
3163,1
3164,9
3165,2
3166,9
3167,9
3168,4
3169,4
3170,9
3171,9
3172,1
3173,9
3174,9
3175,2
3176,1
3177,7
3178,2
3179,7
3180,6
3181,4
3182,9
3183,8
3184,3
3185,0
3186,6
3187,4
3188,7
3189,4
3190,8
3191,5
3192,8
3193,4
3194,4
3195,3
3196,5
3197,7
3198,6
3199,6
3200,6
3201,7
3202,3
3203,3
3204,4
3205,3
3206,8
3207,8
3208,0
3209,9
3210,2
3211,9
3212,9
3213,6
3214,9
3215,6
3216,1
3217,7
3218,7
3219,7
3220,0
3221,9
3222,5
3223,4
3224,7
3225,6
3226,9
3227,8
3228,4
3229,3
3230,8
3231,5
3232,3
3233,7
3234,8
3235,3
3236,5
3237,3
3238,9
3239,6
3240,1
3241,0
3242,7
3243,7
3244,8
3245,7
3246,7
3247,8
3248,5
3249,0
3250,3
3251,2
3252,5
3253,4
3254,9
3255,3
3256,4
3257,4
3258,7
3259,0
3260,3
3261,7
3262,0
3263,3
3264,1
3265,8
3266,8
3267,7
3268,3
3269,5
3270,7
3271,8
3272,5
3273,7
3274,8
3275,9
3276,7
3277,7
3278,7
3279,2
3280,8
3281,5
3282,2
3283,9
3284,3
3285,4
3286,1
3287,6
3288,5
3289,9
3290,8
3291,5
3292,5
3293,4
3294,1
3295,0
3296,9
3297,4
3298,6
3299,3
3300,4
3301,4
3302,4
3303,0
3304,8
3305,2
3306,9
3307,4
3308,9
3309,7
3310,7
3311,6
3312,7
3313,5
3314,2
3315,1
3316,3
3317,7
3318,7
3319,8
3320,6
3321,7
3322,0
3323,2
3324,5
3325,6
3326,6
3327,4
3328,7
3329,2
3330,3
3331,7
3332,8
3333,4
3334,2
3335,5
3336,9
3337,0
3338,7
3339,0
3340,7
3341,6
3342,1
3343,8
3344,7
3345,7
3346,7
3347,8
3348,9
3349,1
3350,2
3351,8
3352,1
3353,3
3354,3
3355,5
3356,3
3357,2
3358,2
3359,9
3360,4
3361,4
3362,7
3363,1
3364,4
3365,4
3366,9
3367,8
3368,7
3369,9
3370,3
3371,1
3372,5
3373,1
3374,0
3375,6
3376,4
3377,5
3378,7
3379,4
3380,5
3381,8
3382,3
3383,4
3384,8
3385,7
3386,8
3387,2
3388,3
3389,6
3390,1
3391,5
3392,3
3393,9
3394,5
3395,1
3396,9
3397,2
3398,9
3399,2
3400,0
3401,1
3402,2
3403,6
3404,8
3405,5
3406,7
3407,6
3408,1
3409,4
3410,9
3411,4
3412,3
3413,0
3414,8
3415,3
3416,7
3417,4
3418,4
3419,1
3420,4
3421,3
3422,0
3423,4
3424,8
3425,5
3426,0
3427,0
3428,6
3429,2
3430,2
3431,0
3432,4
3433,5
3434,7
3435,5
3436,6
3437,4
3438,7
3439,9
3440,6
3441,3
3442,0
3443,3
3444,2
3445,2
3446,0
3447,7
3448,4
3449,6
3450,9
3451,1
3452,5
3453,5
3454,2
3455,2
3456,6
3457,3
3458,4
3459,5
3460,3
3461,1
3462,5
3463,2
3464,3
3465,9
3466,6
3467,5
3468,0
3469,2
3470,9
3471,5
3472,1
3473,7
3474,2
3475,2
3476,0
3477,8
3478,6
3479,4
3480,3
3481,2
3482,7
3483,7
3484,0
3485,4
3486,1
3487,6
3488,5
3489,9
3490,3
3491,7
3492,3
3493,9
3494,0
3495,7
3496,5
3497,9
3498,0
3499,7
3500,0
3501,9
3502,1
3503,3
3504,7
3505,9
3506,4
3507,3
3508,4
3509,3
3510,5
3511,4
3512,8
3513,4
3514,3
3515,5
3516,8
3517,9
3518,0
3519,5
3520,8
3521,1
3522,8
3523,2
3524,6
3525,7
3526,4
3527,4
3528,1
3529,1
3530,6
3531,6
3532,8
3533,5
3534,2
3535,7
3536,5
3537,0
3538,8
3539,2
3540,3
3541,6
3542,2
3543,9
3544,6
3545,9
3546,4
3547,5
3548,9
3549,0
3550,1
3551,4
3552,0
3553,8
3554,8
3555,9
3556,6
3557,6
3558,2
3559,5
3560,4
3561,9
3562,5
3563,8
3564,6
3565,7
3566,1
3567,7
3568,6
3569,0
3570,6
3571,3
3572,5
3573,3
3574,2
3575,3
3576,3
3577,4
3578,8
3579,7
3580,1
3581,4
3582,4
3583,6
3584,1
3585,5
3586,8
3587,8
3588,3
3589,6
3590,7
3591,7
3592,6
3593,7
3594,2
3595,5
3596,2
3597,4
3598,6
3599,2
3600,7
3601,2
3602,3
3603,4
3604,3
3605,2
3606,4
3607,3
3608,2
3609,9
3610,9
3611,5
3612,1
3613,1
3614,5
3615,3
3616,2
3617,4
3618,3
3619,2
3620,1
3621,7
3622,4
3623,4
3624,5
3625,4
3626,8
3627,9
3628,4
3629,3
3630,0
3631,8
3632,7
3633,1
3634,3
3635,3
3636,4
3637,4
3638,2
3639,9
3640,7
3641,2
3642,8
3643,1
3644,8
3645,9
3646,9
3647,3
3648,1
3649,7
3650,4
3651,0
3652,0
3653,2
3654,8
3655,5
3656,9
3657,2
3658,7
3659,4
3660,6
3661,0
3662,1
3663,6
3664,1
3665,6
3666,7
3667,5
3668,5
3669,2
3670,7
3671,9
3672,4
3673,0
3674,8
3675,3
3676,4
3677,9
3678,4
3679,1
3680,0
3681,8
3682,2
3683,3
3684,8
3685,9
3686,2
3687,8
3688,9
3689,3
3690,7
3691,9
3692,1
3693,4
3694,6
3695,2
3696,8
3697,2
3698,5
3699,8
3700,9
3701,3
3702,1
3703,8
3704,6
3705,4
3706,8
3707,4
3708,6
3709,4
3710,5
3711,4
3712,2
3713,4
3714,2
3715,3
3716,2
3717,3
3718,6
3719,8
3720,5
3721,2
3722,0
3723,7
3724,1
3725,4
3726,2
3727,3
3728,9
3729,3
3730,8
3731,1
3732,6
3733,9
3734,3
3735,7
3736,2
3737,3
3738,2
3739,9
3740,7
3741,0
3742,7
3743,9
3744,3
3745,7
3746,1
3747,2
3748,9
3749,5
3750,8
3751,9
3752,7
3753,3
3754,3
3755,0
3756,7
3757,7
3758,4
3759,2
3760,4
3761,7
3762,0
3763,1
3764,8
3765,1
3766,0
3767,7
3768,6
3769,1
3770,9
3771,9
3772,0
3773,9
3774,5
3775,3
3776,6
3777,9
3778,7
3779,7
3780,2
3781,4
3782,2
3783,0
3784,2
3785,5
3786,2
3787,9
3788,3
3789,7
3790,9
3791,4
3792,2
3793,0
3794,6
3795,1
3796,7
3797,5
3798,6
3799,5
3800,7
3801,9
3802,2
3803,7
3804,8
3805,2
3806,9
3807,4
3808,8
3809,5
3810,4
3811,3
3812,7
3813,9
3814,8
3815,1
3816,4
3817,4
3818,8
3819,9
3820,3
3821,0
3822,3
3823,4
3824,0
3825,2
3826,0
3827,1
3828,3
3829,4
3830,8
3831,5
3832,5
3833,4
3834,9
3835,8
3836,4
3837,7
3838,9
3839,1
3840,5
3841,6
3842,9
3843,8
3844,7
3845,5
3846,0
3847,9
3848,0
3849,8
3850,4
3851,9
3852,4
3853,2
3854,3
3855,8
3856,1
3857,9
3858,8
3859,8
3860,8
3861,7
3862,6
3863,7
3864,2
3865,9
3866,7
3867,0
3868,3
3869,4
3870,8
3871,8
3872,8
3873,7
3874,9
3875,6
3876,7
3877,7
3878,4
3879,7
3880,7
3881,6
3882,7
3883,9
3884,4
3885,3
3886,6
3887,8
3888,4
3889,6
3890,6
3891,7
3892,1
3893,6
3894,9
3895,7
3896,8
3897,2
3898,8
3899,1
3900,2
3901,6
3902,8
3903,9
3904,0
3905,1
3906,2
3907,4
3908,2
3909,2
3910,3
3911,2
3912,9
3913,8
3914,7
3915,4
3916,4
3917,9
3918,7
3919,6
3920,7
3921,7
3922,1
3923,4
3924,7
3925,5
3926,1
3927,9
3928,0
3929,4
3930,3
3931,1
3932,5
3933,4
3934,6
3935,2
3936,7
3937,6
3938,8
3939,8
3940,9
3941,3
3942,6
3943,9
3944,0
3945,4
3946,3
3947,8
3948,2
3949,1
3950,5
3951,8
3952,1
3953,4
3954,7
3955,5
3956,0
3957,2
3958,4
3959,9
3960,5
3961,2
3962,8
3963,7
3964,7
3965,8
3966,0
3967,4
3968,4
3969,8
3970,2
3971,9
3972,0
3973,7
3974,9
3975,8
3976,7
3977,1
3978,6
3979,3
3980,9
3981,7
3982,5
3983,9
3984,7
3985,6
3986,7
3987,7
3988,1
3989,1
3990,2
3991,4
3992,2
3993,0
3994,6
3995,8
3996,9
3997,6
3998,4
3999,7
4000,9
4001,7
4002,2
4003,7
4004,0
4005,0
4006,3
4007,8
4008,6
4009,8
4010,2
4011,7
4012,7
4013,5
4014,6
4015,8
4016,1
4017,6
4018,5
4019,9
4020,7
4021,8
4022,9
4023,6
4024,3
4025,8
4026,1
4027,9
4028,4
4029,0
4030,4
4031,1
4032,4
4033,3
4034,6
4035,2
4036,2
4037,0
4038,0
4039,9
4040,7
4041,0
4042,7
4043,7
4044,3
4045,2
4046,7
4047,7
4048,4
4049,7
4050,4
4051,2
4052,3
4053,5
4054,4
4055,0
4056,0
4057,0
4058,7
4059,5
4060,9
4061,6
4062,5
4063,8
4064,7
4065,7
4066,4
4067,2
4068,1
4069,8
4070,5
4071,9
4072,3
4073,5
4074,6
4075,5
4076,2
4077,7
4078,3
4079,5
4080,8
4081,1
4082,9
4083,6
4084,8
4085,7
4086,3
4087,8
4088,5
4089,7
4090,8
4091,4
4092,9
4093,7
4094,4
4095,3
4096,8
4097,8
4098,6
4099,0
4100,6
4101,7
4102,4
4103,0
4104,8
4105,0
4106,7
4107,8
4108,4
4109,2
4110,5
4111,2
4112,7
4113,5
4114,0
4115,4
4116,8
4117,2
4118,4
4119,0
4120,8
4121,4
4122,5
4123,6
4124,0
4125,9
4126,4
4127,4
4128,6
4129,1
4130,1
4131,6
4132,1
4133,4
4134,2
4135,9
4136,2
4137,2
4138,5
4139,4
4140,0
4141,3
4142,8
4143,8
4144,5
4145,1
4146,8
4147,2
4148,2
4149,3
4150,9
4151,6
4152,4
4153,5
4154,0
4155,7
4156,6
4157,3
4158,3
4159,7
4160,4
4161,5
4162,6
4163,0
4164,6
4165,1
4166,8
4167,2
4168,0
4169,9
4170,3
4171,1
4172,8
4173,5
4174,7
4175,2
4176,7
4177,3
4178,6
4179,7
4180,6
4181,0
4182,0
4183,5
4184,7
4185,4
4186,7
4187,7
4188,0
4189,6
4190,1
4191,2
4192,9
4193,0
4194,0
4195,0
4196,3
4197,8
4198,4
4199,0
4200,8
4201,4
4202,1
4203,0
4204,2
4205,6
4206,4
4207,1
4208,1
4209,2
4210,7
4211,9
4212,4
4213,1
4214,4
4215,7
4216,1
4217,0
4218,0
4219,9
4220,0
4221,0
4222,2
4223,8
4224,0
4225,7
4226,3
4227,0
4228,4
4229,1
4230,8
4231,2
4232,2
4233,5
4234,9
4235,2
4236,9
4237,1
4238,1
4239,5
4240,4
4241,7
4242,5
4243,8
4244,6
4245,4
4246,1
4247,5
4248,5
4249,3
4250,4
4251,1
4252,8
4253,9
4254,9
4255,8
4256,9
4257,8
4258,6
4259,8
4260,5
4261,8
4262,9
4263,4
4264,6
4265,4
4266,6
4267,3
4268,7
4269,7
4270,0
4271,3
4272,0
4273,7
4274,5
4275,1
4276,5
4277,1
4278,5
4279,1
4280,6
4281,8
4282,4
4283,6
4284,6
4285,9
4286,1
4287,2
4288,9
4289,1
4290,9
4291,2
4292,3
4293,1
4294,9
4295,0
4296,0
4297,1
4298,9
4299,9
4300,8
4301,8
4302,4
4303,5
4304,5
4305,3
4306,0
4307,5
4308,3
4309,0
4310,2
4311,4
4312,7
4313,3
4314,2
4315,1
4316,0
4317,8
4318,8
4319,1
4320,2
4321,0
4322,3
4323,4
4324,5
4325,9
4326,6
4327,7
4328,1
4329,0
4330,6
4331,9
4332,4
4333,7
4334,7
4335,5
4336,9
4337,9
4338,1
4339,9
4340,7
4341,0
4342,1
4343,3
4344,5
4345,4
4346,2
4347,3
4348,8
4349,8
4350,0
4351,4
4352,8
4353,5
4354,4
4355,9
4356,3
4357,0
4358,3
4359,5
4360,2
4361,1
4362,8
4363,4
4364,9
4365,9
4366,9
4367,2
4368,0
4369,4
4370,2
4371,8
4372,1
4373,1
4374,0
4375,0
4376,4
4377,7
4378,4
4379,1
4380,1
4381,9
4382,7
4383,7
4384,4
4385,6
4386,8
4387,2
4388,0
4389,2
4390,8
4391,5
4392,9
4393,2
4394,3
4395,5
4396,7
4397,9
4398,8
4399,7
4400,4
4401,3
4402,1
4403,4
4404,8
4405,4
4406,6
4407,5
4408,3
4409,1
4410,0
4411,7
4412,5
4413,7
4414,6
4415,2
4416,0
4417,2
4418,9
4419,9
4420,0
4421,3
4422,5
4423,3
4424,2
4425,1
4426,1
4427,0
4428,2
4429,8
4430,2
4431,1
4432,1
4433,7
4434,5
4435,2
4436,5
4437,4
4438,1
4439,2
4440,9
4441,4
4442,1
4443,9
4444,4
4445,8
4446,9
4447,8
4448,8
4449,6
4450,9
4451,0
4452,2
4453,2
4454,0
4455,6
4456,8
4457,7
4458,3
4459,3
4460,8
4461,9
4462,0
4463,2
4464,2
4465,3
4466,6
4467,1
4468,3
4469,9
4470,5
4471,8
4472,5
4473,4
4474,4
4475,0
4476,0
4477,3
4478,3
4479,1
4480,4
4481,9
4482,8
4483,2
4484,2
4485,4
4486,7
4487,1
4488,7
4489,4
4490,7
4491,9
4492,4
4493,8
4494,4
4495,8
4496,5
4497,8
4498,8
4499,8
4500,2
4501,4
4502,5
4503,7
4504,4
4505,2
4506,4
4507,1
4508,3
4509,3
4510,7
4511,0
4512,6
4513,8
4514,3
4515,9
4516,0
4517,1
4518,8
4519,9
4520,6
4521,3
4522,9
4523,2
4524,4
4525,4
4526,0
4527,3
4528,7
4529,4
4530,4
4531,3
4532,1
4533,1
4534,8
4535,2
4536,2
4537,8
4538,3
4539,7
4540,8
4541,9
4542,2
4543,2
4544,1
4545,7
4546,3
4547,2
4548,4
4549,2
4550,1
4551,4
4552,5
4553,3
4554,4
4555,4
4556,7
4557,8
4558,0
4559,0
4560,3
4561,1
4562,3
4563,4
4564,7
4565,4
4566,7
4567,8
4568,4
4569,8
4570,9
4571,8
4572,4
4573,4
4574,4
4575,3
4576,6
4577,4
4578,6
4579,4
4580,6
4581,6
4582,3
4583,8
4584,7
4585,4
4586,8
4587,0
4588,5
4589,9
4590,4
4591,2
4592,0
4593,7
4594,3
4595,1
4596,9
4597,4
4598,9
4599,1
4600,8
4601,4
4602,2
4603,1
4604,6
4605,4
4606,3
4607,9
4608,1
4609,4
4610,0
4611,6
4612,1
4613,7
4614,9
4615,4
4616,4
4617,4
4618,3
4619,6
4620,8
4621,7
4622,8
4623,2
4624,3
4625,3
4626,7
4627,5
4628,4
4629,5
4630,7
4631,4
4632,5
4633,3
4634,1
4635,5
4636,7
4637,8
4638,3
4639,6
4640,0
4641,2
4642,5
4643,2
4644,2
4645,7
4646,4
4647,5
4648,1
4649,6
4650,8
4651,4
4652,8
4653,3
4654,2
4655,7
4656,5
4657,9
4658,7
4659,1
4660,4
4661,3
4662,3
4663,6
4664,1
4665,7
4666,3
4667,0
4668,8
4669,6
4670,6
4671,8
4672,6
4673,6
4674,0
4675,3
4676,4
4677,7
4678,4
4679,8
4680,4
4681,9
4682,9
4683,5
4684,4
4685,1
4686,4
4687,8
4688,3
4689,7
4690,1
4691,2
4692,2
4693,8
4694,4
4695,7
4696,8
4697,3
4698,3
4699,6
4700,2
4701,4
4702,0
4703,6
4704,4
4705,9
4706,3
4707,2
4708,4
4709,3
4710,8
4711,3
4712,9
4713,4
4714,1
4715,6
4716,9
4717,9
4718,4
4719,5
4720,9
4721,8
4722,8
4723,6
4724,9
4725,5
4726,1
4727,0
4728,9
4729,7
4730,2
4731,4
4732,4
4733,4
4734,6
4735,4
4736,8
4737,1
4738,9
4739,3
4740,6
4741,2
4742,1
4743,8
4744,6
4745,0
4746,7
4747,6
4748,5
4749,9
4750,5
4751,4
4752,6
4753,1
4754,2
4755,0
4756,1
4757,6
4758,4
4759,2
4760,0
4761,2
4762,9
4763,1
4764,0
4765,5
4766,4
4767,1
4768,6
4769,9
4770,8
4771,9
4772,0
4773,6
4774,1
4775,6
4776,2
4777,3
4778,5
4779,6
4780,8
4781,0
4782,7
4783,2
4784,4
4785,8
4786,3
4787,0
4788,8
4789,6
4790,9
4791,9
4792,9
4793,4
4794,1
4795,2
4796,3
4797,9
4798,5
4799,4
4800,1
4801,9
4802,2
4803,0
4804,7
4805,3
4806,4
4807,1
4808,8
4809,5
4810,0
4811,5
4812,0
4813,8
4814,8
4815,3
4816,9
4817,6
4818,0
4819,7
4820,5
4821,4
4822,4
4823,1
4824,4
4825,0
4826,7
4827,3
4828,9
4829,4
4830,5
4831,3
4832,1
4833,2
4834,4
4835,4
4836,9
4837,9
4838,7
4839,1
4840,7
4841,0
4842,1
4843,2
4844,1
4845,3
4846,3
4847,8
4848,4
4849,1
4850,7
4851,9
4852,9
4853,0
4854,7
4855,0
4856,1
4857,7
4858,6
4859,2
4860,6
4861,5
4862,1
4863,2
4864,9
4865,4
4866,9
4867,9
4868,9
4869,2
4870,8
4871,8
4872,4
4873,9
4874,2
4875,9
4876,1
4877,3
4878,6
4879,7
4880,6
4881,8
4882,8
4883,6
4884,2
4885,4
4886,2
4887,3
4888,3
4889,5
4890,7
4891,1
4892,6
4893,4
4894,1
4895,6
4896,1
4897,7
4898,9
4899,6
4900,2
4901,3
4902,0
4903,4
4904,2
4905,9
4906,7
4907,2
4908,5
4909,8
4910,0
4911,9
4912,8
4913,1
4914,1
4915,3
4916,5
4917,6
4918,3
4919,3
4920,8
4921,7
4922,0
4923,0
4924,7
4925,7
4926,5
4927,7
4928,1
4929,9
4930,9
4931,1
4932,9
4933,9
4934,3
4935,5
4936,5
4937,3
4938,0
4939,7
4940,0
4941,6
4942,3
4943,0
4944,4
4945,8
4946,9
4947,4
4948,6
4949,1
4950,1
4951,2
4952,7
4953,9
4954,0
4955,8
4956,8
4957,5
4958,4
4959,4
4960,7
4961,4
4962,8
4963,3
4964,3
4965,2
4966,4
4967,5
4968,7
4969,0
4970,1
4971,2
4972,9
4973,2
4974,9
4975,3
4976,3
4977,5
4978,9
4979,1
4980,9
4981,1
4982,8
4983,5
4984,6
4985,3
4986,2
4987,9
4988,3
4989,5
4990,6
4991,7
4992,0
4993,1
4994,7
4995,7
4996,5
4997,5
4998,3
4999,5
5000,1
5001,7
5002,6
5003,8
5004,4
5005,4
5006,5
5007,2
5008,3
5009,7
5010,7
5011,7
5012,4
5013,6
5014,2
5015,7
5016,2
5017,6
5018,7
5019,4
5020,1
5021,8
5022,0
5023,2
5024,6
5025,1
5026,5
5027,4
5028,0
5029,9
5030,3
5031,4
5032,0
5033,2
5034,3
5035,8
5036,5
5037,0
5038,0
5039,4
5040,6
5041,3
5042,9
5043,2
5044,0
5045,5
5046,7
5047,5
5048,5
5049,9
5050,7
5051,5
5052,1
5053,2
5054,5
5055,9
5056,0
5057,6
5058,4
5059,1
5060,4
5061,3
5062,1
5063,5
5064,9
5065,5
5066,0
5067,4
5068,9
5069,5
5070,8
5071,7
5072,1
5073,2
5074,8
5075,4
5076,6
5077,5
5078,0
5079,8
5080,1
5081,7
5082,5
5083,6
5084,9
5085,3
5086,6
5087,4
5088,9
5089,7
5090,6
5091,1
5092,0
5093,9
5094,8
5095,9
5096,8
5097,7
5098,7
5099,7
5100,2
5101,3
5102,5
5103,4
5104,7
5105,8
5106,7
5107,7
5108,9
5109,1
5110,9
5111,8
5112,6
5113,9
5114,4
5115,7
5116,5
5117,6
5118,7
5119,2
5120,0
5121,7
5122,6
5123,6
5124,7
5125,0
5126,1
5127,0
5128,9
5129,4
5130,6
5131,8
5132,6
5133,1
5134,2
5135,6
5136,1
5137,9
5138,9
5139,8
5140,6
5141,8
5142,7
5143,8
5144,9
5145,7
5146,4
5147,0
5148,3
5149,3
5150,6
5151,4
5152,4
5153,9
5154,7
5155,2
5156,5
5157,5
5158,6
5159,4
5160,6
5161,0
5162,3
5163,4
5164,7
5165,0
5166,2
5167,9
5168,2
5169,7
5170,2
5171,9
5172,4
5173,6
5174,0
5175,6
5176,6
5177,7
5178,4
5179,5
5180,5
5181,9
5182,1
5183,1
5184,2
5185,5
5186,7
5187,5
5188,4
5189,8
5190,0
5191,0
5192,3
5193,9
5194,6
5195,7
5196,4
5197,2
5198,8
5199,1
5200,6
5201,3
5202,1
5203,9
5204,3
5205,3
5206,8
5207,7
5208,8
5209,4
5210,7
5211,3
5212,7
5213,5
5214,7
5215,1
5216,2
5217,6
5218,1
5219,5
5220,2
5221,8
5222,7
5223,5
5224,0
5225,0
5226,8
5227,1
5228,4
5229,3
5230,5
5231,8
5232,4
5233,3
5234,9
5235,7
5236,6
5237,8
5238,4
5239,0
5240,4
5241,1
5242,4
5243,4
5244,1
5245,2
5246,1
5247,7
5248,7
5249,9
5250,8
5251,7
5252,5
5253,4
5254,0
5255,9
5256,0
5257,0
5258,8
5259,2
5260,0
5261,0
5262,7
5263,4
5264,8
5265,6
5266,2
5267,4
5268,6
5269,3
5270,5
5271,1
5272,5
5273,5
5274,9
5275,4
5276,4
5277,9
5278,8
5279,0
5280,8
5281,9
5282,6
5283,4
5284,2
5285,6
5286,1
5287,6
5288,7
5289,4
5290,4
5291,3
5292,9
5293,4
5294,0
5295,8
5296,0
5297,4
5298,6
5299,3
5300,7
5301,9
5302,7
5303,0
5304,5
5305,7
5306,7
5307,3
5308,9
5309,9
5310,3
5311,0
5312,5
5313,5
5314,7
5315,3
5316,9
5317,4
5318,4
5319,0
5320,7
5321,3
5322,1
5323,4
5324,1
5325,9
5326,8
5327,7
5328,4
5329,0
5330,2
5331,6
5332,2
5333,9
5334,7
5335,6
5336,9
5337,3
5338,5
5339,1
5340,0
5341,4
5342,6
5343,8
5344,3
5345,4
5346,4
5347,4
5348,1
5349,1
5350,3
5351,9
5352,7
5353,3
5354,1
5355,4
5356,8
5357,7
5358,0
5359,8
5360,6
5361,9
5362,7
5363,4
5364,7
5365,7
5366,8
5367,8
5368,0
5369,3
5370,4
5371,6
5372,7
5373,8
5374,2
5375,0
5376,1
5377,3
5378,5
5379,4
5380,3
5381,1
5382,3
5383,0
5384,8
5385,6
5386,3
5387,9
5388,6
5389,5
5390,4
5391,1
5392,9
5393,0
5394,4
5395,1
5396,8
5397,1
5398,9
5399,8
5400,6
5401,9
5402,0
5403,4
5404,7
5405,4
5406,2
5407,7
5408,7
5409,9
5410,1
5411,7
5412,6
5413,6
5414,5
5415,4
5416,4
5417,1
5418,7
5419,8
5420,2
5421,6
5422,0
5423,1
5424,6
5425,3
5426,6
5427,5
5428,8
5429,6
5430,6
5431,7
5432,1
5433,9
5434,5
5435,6
5436,4
5437,6
5438,0
5439,4
5440,1
5441,9
5442,3
5443,2
5444,6
5445,7
5446,7
5447,3
5448,5
5449,9
5450,1
5451,3
5452,6
5453,0
5454,2
5455,0
5456,1
5457,1
5458,8
5459,6
5460,3
5461,3
5462,3
5463,0
5464,5
5465,7
5466,7
5467,8
5468,7
5469,7
5470,3
5471,1
5472,6
5473,1
5474,5
5475,1
5476,0
5477,6
5478,2
5479,3
5480,2
5481,1
5482,4
5483,5
5484,1
5485,9
5486,8
5487,3
5488,7
5489,5
5490,7
5491,5
5492,0
5493,0
5494,3
5495,9
5496,7
5497,6
5498,4
5499,9
5500,6
5501,8
5502,6
5503,6
5504,8
5505,4
5506,4
5507,4
5508,6
5509,7
5510,7
5511,4
5512,6
5513,9
5514,6
5515,2
5516,4
5517,0
5518,2
5519,5
5520,6
5521,5
5522,9
5523,3
5524,6
5525,0
5526,7
5527,8
5528,7
5529,5
5530,8
5531,4
5532,8
5533,3
5534,2
5535,2
5536,3
5537,6
5538,3
5539,7
5540,4
5541,5
5542,7
5543,9
5544,0
5545,3
5546,6
5547,7
5548,4
5549,4
5550,5
5551,4
5552,3
5553,3
5554,5
5555,9
5556,4
5557,6
5558,5
5559,7
5560,2
5561,3
5562,6
5563,7
5564,1
5565,6
5566,2
5567,1
5568,6
5569,7
5570,0
5571,5
5572,7
5573,1
5574,9
5575,7
5576,3
5577,5
5578,2
5579,3
5580,7
5581,3
5582,3
5583,5
5584,0
5585,0
5586,2
5587,8
5588,0
5589,3
5590,2
5591,4
5592,3
5593,3
5594,7
5595,9
5596,6
5597,9
5598,8
5599,1
5600,2
5601,6
5602,7
5603,4
5604,4
5605,1
5606,3
5607,7
5608,8
5609,9
5610,4
5611,8
5612,7
5613,8
5614,3
5615,8
5616,5
5617,6
5618,5
5619,9
5620,8
5621,4
5622,9
5623,1
5624,8
5625,1
5626,7
5627,2
5628,9
5629,1
5630,6
5631,4
5632,2
5633,7
5634,4
5635,5
5636,7
5637,4
5638,7
5639,4
5640,5
5641,3
5642,4
5643,7
5644,5
5645,7
5646,3
5647,8
5648,5
5649,8
5650,3
5651,3
5652,4
5653,0
5654,5
5655,4
5656,3
5657,5
5658,3
5659,7
5660,3
5661,9
5662,7
5663,8
5664,8
5665,6
5666,0
5667,6
5668,1
5669,7
5670,0
5671,4
5672,3
5673,8
5674,5
5675,9
5676,7
5677,6
5678,4
5679,1
5680,4
5681,3
5682,3
5683,3
5684,6
5685,7
5686,1
5687,6
5688,2
5689,8
5690,3
5691,7
5692,2
5693,5
5694,7
5695,5
5696,7
5697,7
5698,1
5699,5
5700,4
5701,4
5702,5
5703,4
5704,0
5705,4
5706,2
5707,7
5708,0
5709,7
5710,5
5711,6
5712,6
5713,4
5714,5
5715,0
5716,6
5717,0
5718,6
5719,1
5720,5
5721,9
5722,0
5723,2
5724,1
5725,2
5726,5
5727,1
5728,6
5729,7
5730,1
5731,4
5732,6
5733,3
5734,3
5735,6
5736,0
5737,9
5738,9
5739,2
5740,6
5741,6
5742,1
5743,4
5744,6
5745,2
5746,5
5747,7
5748,0
5749,8
5750,3
5751,6
5752,4
5753,3
5754,2
5755,3
5756,3
5757,4
5758,4
5759,8
5760,9
5761,2
5762,6
5763,0
5764,9
5765,7
5766,9
5767,8
5768,7
5769,7
5770,3
5771,8
5772,2
5773,9
5774,3
5775,5
5776,7
5777,5
5778,8
5779,7
5780,3
5781,7
5782,1
5783,7
5784,9
5785,6
5786,2
5787,5
5788,9
5789,0
5790,2
5791,9
5792,8
5793,2
5794,8
5795,7
5796,4
5797,7
5798,3
5799,0
5800,1
5801,4
5802,9
5803,4
5804,8
5805,0
5806,1
5807,8
5808,6
5809,5
5810,0
5811,5
5812,5
5813,3
5814,4
5815,8
5816,3
5817,5
5818,3
5819,7
5820,0
5821,5
5822,8
5823,4
5824,5
5825,7
5826,3
5827,7
5828,0
5829,5
5830,4
5831,6
5832,6
5833,9
5834,3
5835,5
5836,3
5837,8
5838,2
5839,1
5840,2
5841,2
5842,6
5843,7
5844,6
5845,0
5846,5
5847,5
5848,8
5849,7
5850,3
5851,6
5852,1
5853,3
5854,5
5855,4
5856,2
5857,5
5858,8
5859,7
5860,2
5861,0
5862,1
5863,3
5864,4
5865,9
5866,6
5867,4
5868,5
5869,9
5870,2
5871,4
5872,4
5873,4
5874,2
5875,4
5876,1
5877,6
5878,9
5879,4
5880,8
5881,0
5882,5
5883,1
5884,6
5885,4
5886,4
5887,2
5888,1
5889,4
5890,6
5891,4
5892,0
5893,8
5894,0
5895,7
5896,6
5897,9
5898,4
5899,8
5900,1
5901,2
5902,3
5903,9
5904,0
5905,7
5906,1
5907,4
5908,5
5909,7
5910,1
5911,3
5912,6
5913,4
5914,7
5915,1
5916,3
5917,9
5918,4
5919,1
5920,4
5921,8
5922,7
5923,7
5924,1
5925,4
5926,7
5927,4
5928,6
5929,7
5930,7
5931,2
5932,4
5933,6
5934,4
5935,7
5936,6
5937,6
5938,1
5939,9
5940,9
5941,2
5942,9
5943,4
5944,7
5945,2
5946,0
5947,4
5948,5
5949,0
5950,6
5951,9
5952,0
5953,9
5954,5
5955,8
5956,0
5957,4
5958,4
5959,9
5960,8
5961,6
5962,6
5963,6
5964,9
5965,9
5966,7
5967,9
5968,9
5969,2
5970,0
5971,1
5972,1
5973,8
5974,6
5975,9
5976,9
5977,5
5978,6
5979,3
5980,6
5981,9
5982,4
5983,9
5984,4
5985,3
5986,4
5987,5
5988,5
5989,9
5990,8
5991,8
5992,3
5993,7
5994,8
5995,7
5996,8
5997,4
5998,0
5999,7
6000,0
6001,8
6002,9
6003,2
6004,0
6005,7
6006,2
6007,0
6008,6
6009,0
6010,3
6011,2
6012,7
6013,2
6014,6
6015,7
6016,0
6017,4
6018,9
6019,5
6020,6
6021,6
6022,5
6023,9
6024,3
6025,2
6026,4
6027,3
6028,3
6029,8
6030,0
6031,1
6032,3
6033,4
6034,2
6035,9
6036,5
6037,0
6038,5
6039,4
6040,8
6041,7
6042,8
6043,6
6044,5
6045,4
6046,8
6047,2
6048,0
6049,1
6050,8
6051,4
6052,4
6053,8
6054,4
6055,3
6056,0
6057,4
6058,0
6059,1
6060,9
6061,4
6062,0
6063,6
6064,4
6065,3
6066,5
6067,6
6068,8
6069,2
6070,0
6071,9
6072,4
6073,5
6074,2
6075,7
6076,6
6077,7
6078,2
6079,2
6080,3
6081,1
6082,0
6083,0
6084,2
6085,1
6086,2
6087,1
6088,4
6089,6
6090,4
6091,1
6092,0
6093,5
6094,6
6095,5
6096,9
6097,2
6098,5
6099,6
6100,7
6101,1
6102,9
6103,7
6104,6
6105,1
6106,0
6107,2
6108,9
6109,2
6110,2
6111,9
6112,3
6113,8
6114,2
6115,9
6116,8
6117,7
6118,1
6119,0
6120,1
6121,5
6122,7
6123,3
6124,6
6125,8
6126,8
6127,3
6128,5
6129,0
6130,4
6131,8
6132,3
6133,7
6134,8
6135,8
6136,3
6137,9
6138,2
6139,4
6140,9
6141,9
6142,8
6143,5
6144,1
6145,7
6146,5
6147,9
6148,9
6149,4
6150,7
6151,1
6152,4
6153,6
6154,7
6155,4
6156,8
6157,9
6158,4
6159,7
6160,1
6161,2
6162,4
6163,7
6164,3
6165,7
6166,5
6167,1
6168,3
6169,7
6170,5
6171,2
6172,4
6173,1
6174,1
6175,5
6176,6
6177,9
6178,7
6179,4
6180,8
6181,0
6182,8
6183,1
6184,3
6185,1
6186,7
6187,9
6188,0
6189,9
6190,2
6191,4
6192,0
6193,6
6194,9
6195,1
6196,1
6197,3
6198,4
6199,9
6200,5
6201,2
6202,3
6203,4
6204,3
6205,4
6206,1
6207,5
6208,9
6209,8
6210,7
6211,2
6212,8
6213,7
6214,4
6215,5
6216,2
6217,5
6218,8
6219,6
6220,7
6221,5
6222,0
6223,0
6224,7
6225,5
6226,3
6227,5
6228,7
6229,7
6230,6
6231,2
6232,9
6233,2
6234,7
6235,4
6236,3
6237,1
6238,5
6239,8
6240,6
6241,2
6242,0
6243,8
6244,4
6245,8
6246,5
6247,4
6248,0
6249,2
6250,5
6251,4
6252,9
6253,2
6254,4
6255,4
6256,4
6257,9
6258,2
6259,0
6260,5
6261,2
6262,2
6263,8
6264,2
6265,6
6266,4
6267,7
6268,9
6269,5
6270,7
6271,6
6272,6
6273,3
6274,1
6275,9
6276,9
6277,7
6278,4
6279,5
6280,1
6281,7
6282,1
6283,6
6284,3
6285,0
6286,0
6287,8
6288,5
6289,6
6290,9
6291,9
6292,9
6293,6
6294,3
6295,0
6296,8
6297,8
6298,5
6299,5
6300,4
6301,1
6302,1
6303,0
6304,7
6305,0
6306,3
6307,0
6308,7
6309,4
6310,6
6311,5
6312,3
6313,2
6314,9
6315,6
6316,3
6317,7
6318,2
6319,7
6320,7
6321,0
6322,8
6323,7
6324,2
6325,7
6326,7
6327,4
6328,4
6329,0
6330,8
6331,6
6332,0
6333,5
6334,3
6335,0
6336,2
6337,4
6338,9
6339,7
6340,3
6341,3
6342,2
6343,8
6344,8
6345,5
6346,3
6347,8
6348,0
6349,8
6350,2
6351,0
6352,0
6353,2
6354,2
6355,7
6356,0
6357,7
6358,7
6359,7
6360,2
6361,2
6362,0
6363,4
6364,0
6365,7
6366,7
6367,8
6368,3
6369,7
6370,9
6371,3
6372,9
6373,1
6374,1
6375,9
6376,3
6377,8
6378,9
6379,7
6380,8
6381,3
6382,1
6383,3
6384,2
6385,4
6386,5
6387,4
6388,7
6389,7
6390,5
6391,7
6392,9
6393,6
6394,2
6395,0
6396,8
6397,6
6398,5
6399,4
6400,1
6401,0
6402,7
6403,8
6404,4
6405,7
6406,9
6407,7
6408,2
6409,0
6410,9
6411,1
6412,8
6413,8
6414,2
6415,8
6416,1
6417,7
6418,1
6419,0
6420,8
6421,7
6422,4
6423,4
6424,4
6425,8
6426,2
6427,1
6428,2
6429,3
6430,1
6431,1
6432,1
6433,8
6434,8
6435,8
6436,9
6437,8
6438,4
6439,4
6440,4
6441,3
6442,5
6443,4
6444,6
6445,3
6446,1
6447,4
6448,7
6449,7
6450,8
6451,0
6452,1
6453,5
6454,8
6455,4
6456,6
6457,2
6458,2
6459,4
6460,6
6461,3
6462,4
6463,0
6464,8
6465,1
6466,5
6467,5
6468,3
6469,8
6470,8
6471,1
6472,6
6473,1
6474,9
6475,7
6476,3
6477,0
6478,5
6479,7
6480,4
6481,0
6482,0
6483,7
6484,6
6485,8
6486,9
6487,6
6488,6
6489,2
6490,8
6491,8
6492,2
6493,9
6494,0
6495,2
6496,7
6497,4
6498,2
6499,6
6500,2
6501,9
6502,2
6503,6
6504,6
6505,4
6506,4
6507,5
6508,3
6509,0
6510,9
6511,5
6512,7
6513,2
6514,5
6515,4
6516,2
6517,5
6518,7
6519,6
6520,2
6521,6
6522,4
6523,9
6524,4
6525,8
6526,5
6527,8
6528,5
6529,7
6530,4
6531,6
6532,4
6533,5
6534,3
6535,7
6536,5
6537,1
6538,5
6539,4
6540,7
6541,8
6542,8
6543,0
6544,3
6545,0
6546,8
6547,2
6548,6
6549,0
6550,8
6551,1
6552,4
6553,9
6554,3
6555,5
6556,1
6557,8
6558,9
6559,6
6560,4
6561,6
6562,9
6563,5
6564,6
6565,3
6566,9
6567,1
6568,4
6569,2
6570,9
6571,9
6572,5
6573,4
6574,5
6575,0
6576,3
6577,7
6578,9
6579,6
6580,9
6581,0
6582,9
6583,4
6584,0
6585,5
6586,1
6587,6
6588,3
6589,8
6590,2
6591,7
6592,5
6593,5
6594,3
6595,9
6596,7
6597,5
6598,9
6599,7
6600,2
6601,7
6602,0
6603,8
6604,9
6605,5
6606,6
6607,4
6608,7
6609,5
6610,5
6611,8
6612,8
6613,3
6614,0
6615,5
6616,7
6617,4
6618,4
6619,0
6620,0
6621,7
6622,0
6623,4
6624,0
6625,6
6626,4
6627,2
6628,2
6629,4
6630,0
6631,7
6632,4
6633,7
6634,0
6635,4
6636,3
6637,2
6638,9
6639,1
6640,1
6641,7
6642,8
6643,9
6644,1
6645,0
6646,6
6647,5
6648,3
6649,0
6650,9
6651,0
6652,6
6653,2
6654,2
6655,4
6656,9
6657,5
6658,7
6659,6
6660,1
6661,0
6662,4
6663,6
6664,0
6665,7
6666,5
6667,4
6668,7
6669,6
6670,4
6671,3
6672,5
6673,9
6674,4
6675,5
6676,2
6677,0
6678,8
6679,7
6680,4
6681,3
6682,7
6683,4
6684,5
6685,8
6686,1
6687,9
6688,3
6689,0
6690,8
6691,5
6692,8
6693,6
6694,9
6695,3
6696,4
6697,0
6698,3
6699,7
6700,2
6701,6
6702,1
6703,8
6704,4
6705,9
6706,4
6707,6
6708,2
6709,2
6710,3
6711,3
6712,5
6713,0
6714,5
6715,1
6716,2
6717,8
6718,0
6719,8
6720,3
6721,2
6722,7
6723,3
6724,7
6725,9
6726,8
6727,4
6728,6
6729,1
6730,3
6731,8
6732,6
6733,4
6734,5
6735,8
6736,9
6737,4
6738,7
6739,0
6740,0
6741,2
6742,9
6743,1
6744,8
6745,3
6746,7
6747,5
6748,8
6749,2
6750,9
6751,3
6752,8
6753,9
6754,6
6755,8
6756,9
6757,5
6758,4
6759,8
6760,9
6761,5
6762,7
6763,7
6764,2
6765,7
6766,8
6767,8
6768,1
6769,2
6770,3
6771,1
6772,5
6773,8
6774,2
6775,3
6776,0
6777,8
6778,4
6779,2
6780,8
6781,7
6782,6
6783,5
6784,6
6785,9
6786,6
6787,7
6788,3
6789,1
6790,1
6791,7
6792,7
6793,8
6794,3
6795,8
6796,8
6797,6
6798,0
6799,8
6800,0
6801,6
6802,6
6803,4
6804,6
6805,9
6806,1
6807,1
6808,7
6809,8
6810,6
6811,8
6812,9
6813,9
6814,6
6815,1
6816,0
6817,1
6818,1
6819,7
6820,2
6821,1
6822,3
6823,2
6824,5
6825,0
6826,3
6827,6
6828,2
6829,3
6830,8
6831,1
6832,8
6833,9
6834,4
6835,1
6836,5
6837,7
6838,4
6839,1
6840,3
6841,9
6842,0
6843,3
6844,1
6845,7
6846,4
6847,9
6848,8
6849,0
6850,4
6851,3
6852,0
6853,3
6854,7
6855,0
6856,4
6857,3
6858,3
6859,1
6860,9
6861,0
6862,8
6863,3
6864,6
6865,0
6866,3
6867,4
6868,6
6869,9
6870,6
6871,7
6872,9
6873,2
6874,5
6875,6
6876,5
6877,3
6878,8
6879,5
6880,1
6881,7
6882,7
6883,9
6884,4
6885,0
6886,4
6887,1
6888,4
6889,4
6890,5
6891,5
6892,9
6893,6
6894,3
6895,6
6896,2
6897,4
6898,9
6899,3
6900,3
6901,3
6902,7
6903,4
6904,9
6905,7
6906,4
6907,1
6908,6
6909,4
6910,4
6911,7
6912,6
6913,6
6914,6
6915,4
6916,1
6917,4
6918,5
6919,4
6920,2
6921,4
6922,6
6923,6
6924,0
6925,3
6926,2
6927,5
6928,5
6929,2
6930,5
6931,0
6932,5
6933,9
6934,3
6935,6
6936,4
6937,9
6938,8
6939,6
6940,2
6941,1
6942,4
6943,2
6944,4
6945,3
6946,5
6947,6
6948,8
6949,4
6950,8
6951,0
6952,9
6953,8
6954,0
6955,7
6956,7
6957,6
6958,6
6959,3
6960,4
6961,9
6962,8
6963,7
6964,9
6965,5
6966,5
6967,0
6968,4
6969,9
6970,2
6971,0
6972,9
6973,9
6974,3
6975,9
6976,1
6977,2
6978,7
6979,4
6980,4
6981,0
6982,2
6983,1
6984,1
6985,1
6986,8
6987,5
6988,8
6989,4
6990,7
6991,3
6992,1
6993,4
6994,5
6995,4
6996,1
6997,0
6998,7
6999,8
7000,8
7001,8
7002,1
7003,6
7004,7
7005,4
7006,8
7007,6
7008,9
7009,1
7010,6
7011,0
7012,7
7013,7
7014,1
7015,3
7016,3
7017,3
7018,0
7019,0
7020,2
7021,7
7022,1
7023,2
7024,2
7025,9
7026,6
7027,3
7028,5
7029,9
7030,4
7031,4
7032,0
7033,4
7034,8
7035,0
7036,9
7037,4
7038,3
7039,0
7040,4
7041,0
7042,4
7043,8
7044,6
7045,4
7046,3
7047,9
7048,8
7049,2
7050,2
7051,8
7052,4
7053,1
7054,1
7055,3
7056,0
7057,2
7058,6
7059,9
7060,6
7061,8
7062,4
7063,4
7064,1
7065,5
7066,4
7067,6
7068,9
7069,0
7070,0
7071,7
7072,1
7073,8
7074,9
7075,7
7076,9
7077,9
7078,0
7079,7
7080,7
7081,4
7082,4
7083,2
7084,3
7085,4
7086,5
7087,7
7088,7
7089,8
7090,7
7091,2
7092,6
7093,2
7094,2
7095,4
7096,4
7097,0
7098,3
7099,1
7100,3
7101,8
7102,6
7103,4
7104,0
7105,3
7106,3
7107,8
7108,4
7109,2
7110,4
7111,3
7112,5
7113,0
7114,9
7115,1
7116,8
7117,3
7118,9
7119,5
7120,9
7121,7
7122,9
7123,9
7124,6
7125,4
7126,3
7127,8
7128,5
7129,5
7130,1
7131,6
7132,6
7133,4
7134,9
7135,6
7136,4
7137,1
7138,5
7139,0
7140,0
7141,4
7142,5
7143,8
7144,2
7145,8
7146,3
7147,0
7148,7
7149,0
7150,6
7151,7
7152,1
7153,6
7154,4
7155,0
7156,9
7157,1
7158,3
7159,7
7160,6
7161,5
7162,4
7163,7
7164,6
7165,0
7166,0
7167,1
7168,7
7169,4
7170,1
7171,9
7172,2
7173,4
7174,6
7175,6
7176,7
7177,8
7178,7
7179,0
7180,9
7181,6
7182,2
7183,0
7184,6
7185,5
7186,8
7187,7
7188,7
7189,4
7190,0
7191,2
7192,7
7193,7
7194,8
7195,8
7196,7
7197,0
7198,3
7199,9
7200,9
7201,4
7202,4
7203,5
7204,4
7205,4
7206,6
7207,2
7208,3
7209,1
7210,0
7211,3
7212,3
7213,3
7214,2
7215,5
7216,1
7217,2
7218,4
7219,0
7220,7
7221,9
7222,3
7223,8
7224,7
7225,3
7226,1
7227,7
7228,4
7229,3
7230,2
7231,2
7232,8
7233,9
7234,5
7235,9
7236,2
7237,9
7238,7
7239,4
7240,4
7241,0
7242,5
7243,7
7244,1
7245,5
7246,4
7247,2
7248,8
7249,4
7250,9
7251,8
7252,7
7253,8
7254,4
7255,3
7256,3
7257,4
7258,0
7259,3
7260,4
7261,1
7262,8
7263,3
7264,7
7265,4
7266,5
7267,4
7268,4
7269,3
7270,7
7271,9
7272,4
7273,1
7274,4
7275,9
7276,1
7277,1
7278,4
7279,2
7280,5
7281,9
7282,7
7283,1
7284,4
7285,9
7286,9
7287,2
7288,7
7289,7
7290,0
7291,6
7292,3
7293,3
7294,7
7295,7
7296,5
7297,8
7298,9
7299,4
7300,6
7301,4
7302,6
7303,6
7304,8
7305,2
7306,6
7307,4
7308,8
7309,4
7310,1
7311,5
7312,8
7313,2
7314,5
7315,6
7316,0
7317,1
7318,6
7319,4
7320,2
7321,0
7322,2
7323,4
7324,3
7325,8
7326,4
7327,4
7328,4
7329,4
7330,1
7331,7
7332,5
7333,7
7334,6
7335,3
7336,4
7337,4
7338,6
7339,5
7340,6
7341,2
7342,4
7343,7
7344,7
7345,4
7346,6
7347,5
7348,0
7349,2
7350,3
7351,9
7352,1
7353,3
7354,8
7355,0
7356,7
7357,2
7358,6
7359,8
7360,1
7361,7
7362,8
7363,9
7364,1
7365,4
7366,4
7367,5
7368,5
7369,5
7370,5
7371,8
7372,6
7373,5
7374,0
7375,3
7376,0
7377,1
7378,3
7379,5
7380,7
7381,7
7382,4
7383,9
7384,4
7385,5
7386,9
7387,3
7388,1
7389,7
7390,6
7391,6
7392,4
7393,8
7394,4
7395,1
7396,5
7397,8
7398,3
7399,3
7400,3
7401,3
7402,5
7403,0
7404,4
7405,8
7406,7
7407,3
7408,9
7409,5
7410,8
7411,4
7412,4
7413,9
7414,1
7415,0
7416,2
7417,8
7418,6
7419,8
7420,0
7421,4
7422,5
7423,7
7424,6
7425,9
7426,2
7427,7
7428,2
7429,0
7430,5
7431,2
7432,9
7433,7
7434,5
7435,0
7436,7
7437,0
7438,7
7439,5
7440,3
7441,3
7442,8
7443,7
7444,5
7445,1
7446,6
7447,9
7448,0
7449,9
7450,2
7451,1
7452,9
7453,4
7454,9
7455,0
7456,9
7457,9
7458,4
7459,7
7460,8
7461,5
7462,9
7463,8
7464,2
7465,8
7466,0
7467,6
7468,6
7469,8
7470,6
7471,9
7472,2
7473,1
7474,1
7475,5
7476,3
7477,5
7478,0
7479,5
7480,6
7481,1
7482,4
7483,4
7484,1
7485,1
7486,8
7487,1
7488,1
7489,2
7490,2
7491,4
7492,9
7493,9
7494,5
7495,2
7496,7
7497,4
7498,3
7499,6
7500,1
7501,6
7502,9
7503,8
7504,8
7505,6
7506,7
7507,4
7508,7
7509,2
7510,7
7511,8
7512,0
7513,9
7514,9
7515,7
7516,8
7517,1
7518,5
7519,4
7520,8
7521,4
7522,2
7523,9
7524,0
7525,4
7526,8
7527,9
7528,6
7529,5
7530,3
7531,2
7532,4
7533,1
7534,0
7535,6
7536,1
7537,8
7538,4
7539,5
7540,3
7541,5
7542,2
7543,0
7544,9
7545,0
7546,2
7547,7
7548,9
7549,6
7550,5
7551,4
7552,5
7553,7
7554,9
7555,4
7556,1
7557,0
7558,7
7559,2
7560,8
7561,9
7562,1
7563,4
7564,9
7565,8
7566,1
7567,7
7568,7
7569,5
7570,3
7571,1
7572,4
7573,1
7574,9
7575,3
7576,8
7577,8
7578,1
7579,9
7580,5
7581,8
7582,9
7583,3
7584,1
7585,1
7586,6
7587,5
7588,7
7589,5
7590,6
7591,4
7592,6
7593,9
7594,6
7595,0
7596,9
7597,5
7598,9
7599,5
7600,8
7601,9
7602,8
7603,6
7604,9
7605,1
7606,4
7607,6
7608,0
7609,5
7610,3
7611,7
7612,7
7613,7
7614,9
7615,4
7616,5
7617,0
7618,2
7619,3
7620,3
7621,9
7622,8
7623,9
7624,1
7625,2
7626,7
7627,1
7628,3
7629,4
7630,6
7631,9
7632,1
7633,7
7634,7
7635,1
7636,9
7637,5
7638,8
7639,8
7640,9
7641,9
7642,6
7643,9
7644,8
7645,3
7646,0
7647,2
7648,6
7649,4
7650,2
7651,2
7652,4
7653,0
7654,8
7655,4
7656,8
7657,1
7658,5
7659,7
7660,2
7661,0
7662,9
7663,5
7664,2
7665,2
7666,9
7667,4
7668,7
7669,5
7670,7
7671,2
7672,5
7673,6
7674,7
7675,9
7676,7
7677,2
7678,6
7679,8
7680,6
7681,5
7682,0
7683,8
7684,0
7685,2
7686,9
7687,0
7688,2
7689,8
7690,8
7691,6
7692,6
7693,0
7694,7
7695,9
7696,8
7697,0
7698,7
7699,0
7700,9
7701,6
7702,0
7703,4
7704,7
7705,1
7706,2
7707,8
7708,8
7709,4
7710,3
7711,9
7712,3
7713,5
7714,3
7715,3
7716,1
7717,5
7718,7
7719,0
7720,2
7721,5
7722,2
7723,6
7724,4
7725,8
7726,4
7727,4
7728,6
7729,1
7730,9
7731,4
7732,1
7733,7
7734,0
7735,3
7736,5
7737,3
7738,0
7739,2
7740,9
7741,4
7742,5
7743,8
7744,3
7745,3
7746,7
7747,0
7748,6
7749,0
7750,1
7751,4
7752,7
7753,9
7754,9
7755,0
7756,7
7757,5
7758,6
7759,7
7760,1
7761,7
7762,3
7763,7
7764,4
7765,6
7766,8
7767,6
7768,9
7769,8
7770,7
7771,9
7772,0
7773,3
7774,4
7775,0
7776,2
7777,3
7778,6
7779,6
7780,5
7781,9
7782,3
7783,8
7784,5
7785,7
7786,4
7787,9
7788,7
7789,6
7790,3
7791,8
7792,2
7793,1
7794,8
7795,4
7796,3
7797,8
7798,4
7799,3
7800,9
7801,0
7802,4
7803,4
7804,8
7805,7
7806,9
7807,9
7808,3
7809,8
7810,0
7811,6
7812,0
7813,2
7814,0
7815,7
7816,1
7817,4
7818,6
7819,9
7820,1
7821,3
7822,0
7823,4
7824,4
7825,9
7826,6
7827,9
7828,7
7829,5
7830,0
7831,9
7832,4
7833,8
7834,8
7835,5
7836,0
7837,0
7838,7
7839,0
7840,3
7841,1
7842,4
7843,4
7844,0
7845,9
7846,2
7847,6
7848,7
7849,4
7850,0
7851,0
7852,0
7853,7
7854,3
7855,3
7856,2
7857,6
7858,4
7859,4
7860,4
7861,8
7862,9
7863,1
7864,0
7865,1
7866,3
7867,6
7868,4
7869,8
7870,0
7871,6
7872,0
7873,9
7874,1
7875,6
7876,2
7877,1
7878,0
7879,9
7880,3
7881,0
7882,4
7883,7
7884,9
7885,1
7886,3
7887,7
7888,7
7889,7
7890,1
7891,6
7892,6
7893,9
7894,8
7895,9
7896,4
7897,4
7898,0
7899,1
7900,7
7901,8
7902,1
7903,2
7904,1
7905,1
7906,3
7907,4
7908,6
7909,7
7910,9
7911,5
7912,2
7913,0
7914,0
7915,7
7916,3
7917,4
7918,2
7919,5
7920,6
7921,9
7922,4
7923,8
7924,7
7925,5
7926,0
7927,5
7928,7
7929,2
7930,0
7931,2
7932,9
7933,0
7934,4
7935,8
7936,2
7937,1
7938,1
7939,2
7940,2
7941,2
7942,2
7943,9
7944,3
7945,2
7946,6
7947,1
7948,6
7949,1
7950,8
7951,9
7952,2
7953,3
7954,1
7955,9
7956,9
7957,3
7958,4
7959,3
7960,4
7961,0
7962,4
7963,3
7964,7
7965,1
7966,7
7967,7
7968,4
7969,8
7970,6
7971,4
7972,5
7973,3
7974,1
7975,6
7976,2
7977,4
7978,8
7979,4
7980,3
7981,3
7982,5
7983,9
7984,8
7985,8
7986,5
7987,1
7988,0
7989,6
7990,5
7991,0
7992,9
7993,6
7994,4
7995,0
7996,8
7997,7
7998,1
7999,2
8000,6
8001,9
8002,1
8003,6
8004,3
8005,7
8006,1
8007,7
8008,2
8009,0
8010,6
8011,2
8012,8
8013,3
8014,8
8015,2
8016,8
8017,4
8018,0
8019,8
8020,3
8021,3
8022,1
8023,5
8024,3
8025,0
8026,5
8027,8
8028,7
8029,1
8030,7
8031,2
8032,0
8033,1
8034,3
8035,9
8036,1
8037,6
8038,1
8039,6
8040,1
8041,2
8042,3
8043,7
8044,0
8045,9
8046,5
8047,3
8048,4
8049,0
8050,1
8051,7
8052,9
8053,7
8054,1
8055,9
8056,2
8057,9
8058,9
8059,0
8060,3
8061,6
8062,0
8063,6
8064,0
8065,0
8066,9
8067,9
8068,8
8069,9
8070,2
8071,5
8072,3
8073,3
8074,0
8075,7
8076,8
8077,7
8078,3
8079,3
8080,3
8081,4
8082,6
8083,3
8084,9
8085,5
8086,2
8087,8
8088,7
8089,7
8090,9
8091,6
8092,7
8093,7
8094,7
8095,1
8096,2
8097,3
8098,1
8099,1
8100,3
8101,2
8102,8
8103,7
8104,7
8105,7
8106,0
8107,8
8108,1
8109,5
8110,2
8111,6
8112,3
8113,3
8114,6
8115,3
8116,2
8117,9
8118,8
8119,4
8120,3
8121,9
8122,0
8123,7
8124,9
8125,7
8126,8
8127,4
8128,9
8129,4
8130,2
8131,6
8132,3
8133,8
8134,8
8135,6
8136,3
8137,3
8138,8
8139,9
8140,9
8141,5
8142,3
8143,4
8144,9
8145,9
8146,8
8147,8
8148,5
8149,9
8150,9
8151,6
8152,8
8153,8
8154,8
8155,8
8156,1
8157,7
8158,1
8159,8
8160,8
8161,6
8162,7
8163,9
8164,0
8165,6
8166,1
8167,3
8168,6
8169,6
8170,6
8171,5
8172,6
8173,3
8174,3
8175,3
8176,3
8177,6
8178,9
8179,9
8180,4
8181,4
8182,3
8183,8
8184,5
8185,6
8186,0
8187,8
8188,5
8189,7
8190,8
8191,4
8192,4
8193,5
8194,5
8195,9
8196,8
8197,3
8198,8
8199,4
8200,9
8201,2
8202,3
8203,3
8204,3
8205,6
8206,2
8207,7
8208,7
8209,8
8210,4
8211,0
8212,5
8213,3
8214,6
8215,1
8216,1
8217,3
8218,9
8219,9
8220,6
8221,9
8222,7
8223,1
8224,8
8225,3
8226,0
8227,8
8228,7
8229,8
8230,1
8231,0
8232,3
8233,5
8234,4
8235,8
8236,7
8237,3
8238,7
8239,9
8240,8
8241,7
8242,0
8243,5
8244,4
8245,4
8246,5
8247,8
8248,6
8249,1
8250,1
8251,6
8252,3
8253,2
8254,2
8255,8
8256,9
8257,8
8258,3
8259,2
8260,8
8261,1
8262,0
8263,4
8264,5
8265,2
8266,8
8267,3
8268,2
8269,5
8270,8
8271,6
8272,3
8273,9
8274,6
8275,0
8276,4
8277,0
8278,7
8279,8
8280,3
8281,3
8282,3
8283,1
8284,1
8285,2
8286,9
8287,9
8288,8
8289,5
8290,7
8291,8
8292,7
8293,9
8294,0
8295,8
8296,0
8297,3
8298,1
8299,2
8300,3
8301,5
8302,4
8303,3
8304,7
8305,9
8306,4
8307,6
8308,4
8309,5
8310,4
8311,3
8312,8
8313,9
8314,6
8315,4
8316,6
8317,5
8318,5
8319,3
8320,7
8321,7
8322,4
8323,6
8324,9
8325,7
8326,8
8327,5
8328,7
8329,7
8330,8
8331,5
8332,4
8333,9
8334,1
8335,6
8336,5
8337,3
8338,3
8339,6
8340,8
8341,5
8342,6
8343,1
8344,3
8345,7
8346,7
8347,6
8348,3
8349,6
8350,4
8351,9
8352,2
8353,5
8354,7
8355,4
8356,9
8357,1
8358,3
8359,0
8360,6
8361,7
8362,1
8363,3
8364,3
8365,0
8366,6
8367,1
8368,6
8369,6
8370,4
8371,6
8372,2
8373,8
8374,8
8375,4
8376,4
8377,7
8378,8
8379,5
8380,8
8381,9
8382,3
8383,3
8384,2
8385,3
8386,9
8387,3
8388,8
8389,1
8390,0
8391,1
8392,1
8393,6
8394,8
8395,7
8396,1
8397,3
8398,2
8399,4
8400,4
8401,0
8402,2
8403,0
8404,6
8405,2
8406,2
8407,9
8408,8
8409,2
8410,8
8411,5
8412,8
8413,2
8414,1
8415,6
8416,0
8417,6
8418,1
8419,8
8420,2
8421,6
8422,2
8423,2
8424,6
8425,3
8426,2
8427,9
8428,2
8429,4
8430,4
8431,9
8432,8
8433,5
8434,3
8435,9
8436,9
8437,5
8438,7
8439,1
8440,8
8441,2
8442,8
8443,6
8444,4
8445,4
8446,1
8447,5
8448,0
8449,4
8450,1
8451,8
8452,7
8453,4
8454,0
8455,2
8456,1
8457,4
8458,4
8459,5
8460,9
8461,8
8462,5
8463,4
8464,3
8465,6
8466,9
8467,9
8468,3
8469,6
8470,5
8471,8
8472,1
8473,2
8474,2
8475,4
8476,6
8477,2
8478,5
8479,5
8480,4
8481,2
8482,3
8483,1
8484,0
8485,7
8486,0
8487,4
8488,2
8489,7
8490,8
8491,3
8492,4
8493,1
8494,2
8495,9
8496,1
8497,0
8498,4
8499,8
8500,9
8501,4
8502,8
8503,1
8504,9
8505,1
8506,5
8507,9
8508,8
8509,1
8510,6
8511,7
8512,2
8513,9
8514,9
8515,4
8516,8
8517,4
8518,1
8519,0
8520,7
8521,1
8522,8
8523,1
8524,6
8525,6
8526,3
8527,5
8528,1
8529,3
8530,1
8531,8
8532,8
8533,3
8534,6
8535,6
8536,7
8537,0
8538,0
8539,5
8540,6
8541,4
8542,8
8543,6
8544,0
8545,6
8546,6
8547,8
8548,6
8549,4
8550,9
8551,1
8552,8
8553,6
8554,4
8555,0
8556,5
8557,4
8558,3
8559,2
8560,1
8561,7
8562,8
8563,4
8564,7
8565,8
8566,7
8567,4
8568,8
8569,7
8570,6
8571,6
8572,7
8573,0
8574,2
8575,7
8576,9
8577,5
8578,6
8579,5
8580,1
8581,5
8582,8
8583,6
8584,8
8585,1
8586,9
8587,4
8588,7
8589,6
8590,3
8591,0
8592,6
8593,0
8594,1
8595,3
8596,1
8597,1
8598,5
8599,6
8600,5
8601,5
8602,3
8603,0
8604,1
8605,3
8606,6
8607,4
8608,8
8609,8
8610,6
8611,3
8612,7
8613,4
8614,3
8615,8
8616,9
8617,6
8618,4
8619,3
8620,5
8621,2
8622,1
8623,4
8624,1
8625,7
8626,5
8627,3
8628,7
8629,7
8630,5
8631,5
8632,2
8633,3
8634,2
8635,6
8636,6
8637,6
8638,4
8639,0
8640,7
8641,1
8642,7
8643,6
8644,8
8645,0
8646,9
8647,7
8648,4
8649,1
8650,2
8651,5
8652,2
8653,9
8654,8
8655,3
8656,8
8657,7
8658,2
8659,5
8660,4
8661,5
8662,2
8663,3
8664,9
8665,5
8666,3
8667,0
8668,4
8669,8
8670,4
8671,9
8672,3
8673,4
8674,9
8675,1
8676,7
8677,8
8678,5
8679,1
8680,9
8681,3
8682,0
8683,5
8684,7
8685,3
8686,7
8687,9
8688,6
8689,8
8690,6
8691,8
8692,2
8693,5
8694,9
8695,0
8696,4
8697,8
8698,5
8699,4
8700,4
8701,3
8702,8
8703,0
8704,4
8705,8
8706,6
8707,7
8708,2
8709,4
8710,1
8711,7
8712,4
8713,1
8714,2
8715,4
8716,3
8717,4
8718,8
8719,7
8720,2
8721,0
8722,6
8723,7
8724,7
8725,6
8726,8
8727,9
8728,0
8729,3
8730,5
8731,2
8732,9
8733,1
8734,7
8735,2
8736,3
8737,3
8738,7
8739,4
8740,3
8741,2
8742,0
8743,9
8744,8
8745,1
8746,5
8747,3
8748,2
8749,4
8750,9
8751,9
8752,3
8753,3
8754,4
8755,3
8756,3
8757,2
8758,4
8759,7
8760,7
8761,8
8762,0
8763,8
8764,9
8765,1
8766,2
8767,5
8768,7
8769,2
8770,0
8771,3
8772,6
8773,1
8774,2
8775,3
8776,1
8777,3
8778,0
8779,7
8780,7
8781,4
8782,6
8783,5
8784,4
8785,4
8786,8
8787,3
8788,7
8789,5
8790,5
8791,0
8792,6
8793,6
8794,7
8795,3
8796,0
8797,9
8798,9
8799,6
8800,1
8801,0
8802,7
8803,6
8804,5
8805,2
8806,9
8807,2
8808,6
8809,6
8810,8
8811,2
8812,7
8813,0
8814,1
8815,9
8816,2
8817,7
8818,5
8819,3
8820,0
8821,2
8822,7
8823,6
8824,4
8825,3
8826,0
8827,8
8828,2
8829,6
8830,0
8831,9
8832,6
8833,6
8834,3
8835,8
8836,7
8837,4
8838,1
8839,8
8840,1
8841,7
8842,2
8843,4
8844,7
8845,5
8846,2
8847,6
8848,4
8849,4
8850,9
8851,1
8852,0
8853,7
8854,2
8855,4
8856,4
8857,0
8858,0
8859,6
8860,4
8861,2
8862,4
8863,2
8864,5
8865,9
8866,7
8867,1
8868,8
8869,7
8870,2
8871,5
8872,9
8873,7
8874,5
8875,7
8876,8
8877,0
8878,1
8879,8
8880,9
8881,1
8882,6
8883,3
8884,1
8885,0
8886,3
8887,5
8888,4
8889,8
8890,4
8891,8
8892,9
8893,8
8894,6
8895,8
8896,0
8897,8
8898,2
8899,4
8900,4
8901,4
8902,7
8903,6
8904,0
8905,5
8906,1
8907,4
8908,1
8909,9
8910,0
8911,1
8912,4
8913,5
8914,8
8915,4
8916,9
8917,6
8918,0
8919,0
8920,7
8921,6
8922,8
8923,9
8924,2
8925,2
8926,0
8927,4
8928,9
8929,2
8930,9
8931,3
8932,9
8933,2
8934,3
8935,5
8936,0
8937,8
8938,7
8939,8
8940,3
8941,4
8942,0
8943,6
8944,4
8945,7
8946,1
8947,9
8948,4
8949,6
8950,7
8951,9
8952,8
8953,3
8954,9
8955,4
8956,1
8957,4
8958,5
8959,4
8960,1
8961,2
8962,0
8963,3
8964,6
8965,0
8966,4
8967,3
8968,4
8969,8
8970,8
8971,0
8972,6
8973,2
8974,5
8975,2
8976,8
8977,7
8978,4
8979,6
8980,5
8981,8
8982,4
8983,2
8984,5
8985,6
8986,0
8987,6
8988,2
8989,2
8990,4
8991,1
8992,0
8993,5
8994,9
8995,8
8996,7
8997,7
8998,2
8999,9
9000,3
9001,8
9002,8
9003,6
9004,4
9005,7
9006,5
9007,6
9008,2
9009,0
9010,6
9011,5
9012,6
9013,1
9014,7
9015,7
9016,8
9017,1
9018,0
9019,8
9020,9
9021,7
9022,0
9023,3
9024,8
9025,8
9026,5
9027,0
9028,5
9029,8
9030,4
9031,2
9032,0
9033,9
9034,7
9035,4
9036,7
9037,7
9038,9
9039,2
9040,3
9041,5
9042,3
9043,7
9044,3
9045,2
9046,0
9047,0
9048,4
9049,9
9050,6
9051,3
9052,8
9053,0
9054,5
9055,8
9056,6
9057,4
9058,8
9059,5
9060,3
9061,9
9062,7
9063,9
9064,7
9065,9
9066,2
9067,1
9068,9
9069,6
9070,9
9071,0
9072,7
9073,9
9074,6
9075,4
9076,0
9077,6
9078,2
9079,4
9080,1
9081,5
9082,7
9083,3
9084,8
9085,5
9086,0
9087,0
9088,3
9089,3
9090,3
9091,4
9092,7
9093,6
9094,3
9095,2
9096,5
9097,9
9098,0
9099,5
9100,9
9101,9
9102,8
9103,7
9104,7
9105,4
9106,8
9107,6
9108,3
9109,2
9110,3
9111,1
9112,0
9113,4
9114,1
9115,8
9116,8
9117,4
9118,9
9119,4
9120,4
9121,3
9122,3
9123,9
9124,2
9125,0
9126,1
9127,8
9128,8
9129,4
9130,4
9131,8
9132,3
9133,3
9134,8
9135,5
9136,2
9137,6
9138,4
9139,5
9140,4
9141,7
9142,3
9143,3
9144,3
9145,8
9146,9
9147,5
9148,1
9149,5
9150,7
9151,6
9152,0
9153,4
9154,0
9155,2
9156,5
9157,6
9158,3
9159,8
9160,9
9161,3
9162,6
9163,1
9164,4
9165,3
9166,4
9167,6
9168,7
9169,2
9170,8
9171,9
9172,2
9173,0
9174,4
9175,9
9176,8
9177,8
9178,9
9179,1
9180,1
9181,5
9182,0
9183,0
9184,8
9185,7
9186,1
9187,7
9188,4
9189,5
9190,4
9191,7
9192,3
9193,2
9194,8
9195,6
9196,6
9197,0
9198,1
9199,3
9200,9
9201,8
9202,3
9203,7
9204,8
9205,8
9206,7
9207,8
9208,9
9209,8
9210,1
9211,7
9212,1
9213,6
9214,7
9215,7
9216,3
9217,4
9218,0
9219,4
9220,9
9221,8
9222,7
9223,7
9224,1
9225,6
9226,3
9227,4
9228,9
9229,3
9230,3
9231,7
9232,3
9233,1
9234,8
9235,2
9236,0
9237,9
9238,2
9239,9
9240,8
9241,8
9242,6
9243,7
9244,3
9245,7
9246,1
9247,3
9248,9
9249,0
9250,9
9251,2
9252,3
9253,4
9254,0
9255,5
9256,3
9257,0
9258,5
9259,9
9260,7
9261,3
9262,5
9263,4
9264,6
9265,5
9266,1
9267,8
9268,6
9269,4
9270,3
9271,9
9272,0
9273,0
9274,2
9275,0
9276,8
9277,7
9278,3
9279,7
9280,8
9281,9
9282,4
9283,3
9284,9
9285,7
9286,8
9287,7
9288,9
9289,3
9290,5
9291,4
9292,0
9293,7
9294,7
9295,2
9296,3
9297,8
9298,2
9299,9
9300,9
9301,3
9302,4
9303,4
9304,1
9305,5
9306,2
9307,8
9308,7
9309,3
9310,5
9311,4
9312,5
9313,9
9314,7
9315,6
9316,7
9317,3
9318,3
9319,4
9320,5
9321,9
9322,4
9323,2
9324,1
9325,9
9326,6
9327,0
9328,3
9329,6
9330,4
9331,4
9332,7
9333,9
9334,0
9335,7
9336,4
9337,5
9338,3
9339,6
9340,1
9341,1
9342,3
9343,6
9344,8
9345,2
9346,9
9347,3
9348,8
9349,5
9350,8
9351,6
9352,1
9353,1
9354,5
9355,0
9356,4
9357,0
9358,9
9359,2
9360,6
9361,8
9362,0
9363,7
9364,3
9365,5
9366,6
9367,2
9368,9
9369,1
9370,4
9371,1
9372,8
9373,7
9374,1
9375,7
9376,4
9377,2
9378,4
9379,9
9380,7
9381,3
9382,3
9383,9
9384,9
9385,4
9386,5
9387,2
9388,1
9389,3
9390,8
9391,7
9392,9
9393,0
9394,4
9395,5
9396,7
9397,5
9398,2
9399,1
9400,7
9401,6
9402,9
9403,6
9404,9
9405,3
9406,8
9407,3
9408,6
9409,6
9410,9
9411,5
9412,7
9413,8
9414,0
9415,3
9416,4
9417,7
9418,3
9419,8
9420,2
9421,7
9422,9
9423,5
9424,7
9425,2
9426,4
9427,4
9428,1
9429,7
9430,2
9431,4
9432,5
9433,1
9434,3
9435,7
9436,2
9437,3
9438,5
9439,7
9440,8
9441,8
9442,4
9443,4
9444,2
9445,4
9446,4
9447,5
9448,4
9449,7
9450,1
9451,2
9452,8
9453,2
9454,3
9455,6
9456,1
9457,6
9458,9
9459,7
9460,0
9461,3
9462,4
9463,0
9464,9
9465,4
9466,5
9467,8
9468,7
9469,3
9470,0
9471,9
9472,7
9473,8
9474,0
9475,8
9476,2
9477,8
9478,5
9479,7
9480,7
9481,2
9482,2
9483,0
9484,0
9485,9
9486,4
9487,4
9488,1
9489,6
9490,6
9491,8
9492,8
9493,1
9494,8
9495,9
9496,0
9497,1
9498,7
9499,6
9500,0
9501,9
9502,2
9503,6
9504,4
9505,6
9506,3
9507,2
9508,8
9509,8
9510,7
9511,1
9512,7
9513,0
9514,6
9515,1
9516,0
9517,9
9518,9
9519,1
9520,9
9521,1
9522,4
9523,4
9524,5
9525,4
9526,2
9527,9
9528,3
9529,0
9530,9
9531,6
9532,6
9533,8
9534,0
9535,6
9536,7
9537,4
9538,6
9539,8
9540,0
9541,5
9542,4
9543,9
9544,2
9545,0
9546,9
9547,6
9548,4
9549,2
9550,4
9551,6
9552,5
9553,9
9554,7
9555,7
9556,4
9557,6
9558,5
9559,0
9560,9
9561,0
9562,9
9563,2
9564,9
9565,9
9566,0
9567,9
9568,7
9569,8
9570,6
9571,7
9572,6
9573,8
9574,4
9575,4
9576,5
9577,3
9578,0
9579,3
9580,2
9581,1
9582,7
9583,5
9584,9
9585,3
9586,4
9587,5
9588,7
9589,1
9590,5
9591,0
9592,1
9593,1
9594,7
9595,9
9596,7
9597,5
9598,4
9599,9
9600,7
9601,8
9602,5
9603,0
9604,7
9605,8
9606,5
9607,3
9608,7
9609,0
9610,6
9611,4
9612,8
9613,4
9614,4
9615,6
9616,6
9617,4
9618,8
9619,1
9620,8
9621,7
9622,6
9623,7
9624,9
9625,2
9626,2
9627,1
9628,4
9629,9
9630,1
9631,6
9632,7
9633,2
9634,3
9635,1
9636,7
9637,6
9638,5
9639,2
9640,2
9641,7
9642,3
9643,0
9644,8
9645,0
9646,1
9647,4
9648,3
9649,3
9650,5
9651,8
9652,7
9653,5
9654,6
9655,7
9656,8
9657,8
9658,3
9659,9
9660,4
9661,6
9662,5
9663,1
9664,1
9665,0
9666,5
9667,5
9668,9
9669,4
9670,8
9671,1
9672,7
9673,7
9674,9
9675,9
9676,7
9677,3
9678,6
9679,3
9680,2
9681,8
9682,2
9683,7
9684,2
9685,7
9686,0
9687,2
9688,9
9689,2
9690,9
9691,4
9692,6
9693,9
9694,6
9695,1
9696,0
9697,1
9698,8
9699,7
9700,9
9701,0
9702,4
9703,7
9704,4
9705,3
9706,4
9707,7
9708,7
9709,9
9710,7
9711,7
9712,4
9713,5
9714,8
9715,1
9716,4
9717,7
9718,9
9719,9
9720,8
9721,0
9722,2
9723,3
9724,7
9725,0
9726,8
9727,9
9728,8
9729,2
9730,3
9731,3
9732,2
9733,9
9734,7
9735,4
9736,8
9737,8
9738,3
9739,6
9740,1
9741,6
9742,5
9743,9
9744,1
9745,9
9746,3
9747,0
9748,0
9749,3
9750,0
9751,2
9752,8
9753,7
9754,3
9755,9
9756,3
9757,7
9758,7
9759,4
9760,3
9761,9
9762,5
9763,6
9764,1
9765,2
9766,4
9767,0
9768,4
9769,7
9770,8
9771,4
9772,4
9773,0
9774,9
9775,4
9776,9
9777,4
9778,0
9779,5
9780,3
9781,6
9782,5
9783,2
9784,2
9785,8
9786,8
9787,8
9788,0
9789,1
9790,6
9791,8
9792,6
9793,9
9794,3
9795,8
9796,4
9797,9
9798,1
9799,7
9800,7
9801,1
9802,3
9803,0
9804,1
9805,4
9806,0
9807,8
9808,1
9809,9
9810,5
9811,8
9812,1
9813,3
9814,1
9815,8
9816,5
9817,9
9818,1
9819,0
9820,5
9821,8
9822,4
9823,0
9824,3
9825,9
9826,4
9827,0
9828,4
9829,9
9830,7
9831,1
9832,2
9833,4
9834,7
9835,8
9836,7
9837,2
9838,4
9839,7
9840,7
9841,7
9842,8
9843,4
9844,1
9845,5
9846,9
9847,8
9848,0
9849,2
9850,2
9851,4
9852,6
9853,0
9854,5
9855,9
9856,7
9857,7
9858,1
9859,4
9860,7
9861,0
9862,6
9863,7
9864,6
9865,0
9866,1
9867,0
9868,8
9869,9
9870,7
9871,3
9872,9
9873,8
9874,2
9875,2
9876,9
9877,0
9878,2
9879,4
9880,7
9881,7
9882,9
9883,1
9884,7
9885,0
9886,8
9887,4
9888,3
9889,0
9890,8
9891,0
9892,3
9893,4
9894,2
9895,1
9896,4
9897,4
9898,8
9899,9
9900,7
9901,8
9902,1
9903,9
9904,6
9905,0
9906,1
9907,1
9908,1
9909,8
9910,1
9911,7
9912,4
9913,0
9914,7
9915,8
9916,2
9917,1
9918,2
9919,7
9920,4
9921,6
9922,8
9923,3
9924,7
9925,0
9926,4
9927,2
9928,9
9929,2
9930,8
9931,3
9932,0
9933,8
9934,7
9935,4
9936,1
9937,8
9938,4
9939,9
9940,5
9941,5
9942,1
9943,7
9944,7
9945,7
9946,7
9947,0
9948,3
9949,9
9950,7
9951,4
9952,0
9953,5
9954,7
9955,0
9956,8
9957,0
9958,0
9959,9
9960,2
9961,0
9962,3
9963,4
9964,8
9965,4
9966,7
9967,6
9968,3
9969,3
9970,0
9971,2
9972,9
9973,4
9974,0
9975,1
9976,7
9977,5
9978,5
9979,4
9980,5
9981,0
9982,7
9983,6
9984,0
9985,7
9986,3
9987,8
9988,0
9989,8
9990,4
9991,7
9992,0
9993,3
9994,3
9995,3
9996,3
9997,3
9998,5
9999,4
10000,7
